work_life_balance,years_at_company,years_in_current_role,years_since_last_promotion,years_with_current_manager,same_as_monthly_income,date_birth,salary,role_departament,number_children,remote_work
30.0,20.0,,15,15,19537.0,1972,1000000000.0,,,Yes
30.0,33.0,,11,9,19999.0,1971,1000000000.0,,,Yes
,22.0,,11,15,19232.0,1981,1000000000.0,manager  -  research & development,,Yes
,20.0,,5,6,17169.0,1976,1000000000.0,,,No
30.0,19.0,,2,8,,1977,1000000000.0,,,No
30.0,22.0,,4,7,17174.0,1975,1000000000.0,manager  -  research & development,,Yes
20.0,21.0,,7,9,,1964,1000000000.0,,,Yes
30.0,20.0,,11,6,,1981,1000000000.0,,,No
30.0,18.0,,11,8,16595.0,1982,1000000000.0,,,Yes
40.0,18.0,,0,11,,1982,1000000000.0,,,No
30.0,21.0,,5,10,19973.0,1982,1000000000.0,,,No
30.0,19.0,,15,9,13402.0,1967,1000000000.0,,,No
30.0,18.0,,1,11,13206.0,1985,1000000000.0,,,Yes
30.0,22.0,,15,8,19545.0,1982,1000000000.0,,,No
30.0,24.0,,2,15,,1968,1000000000.0,,,Yes
30.0,20.0,,1,12,18041.0,1983,1000000000.0,,,No
30.0,31.0,,13,8,19246.0,1965,1000000000.0,,,No
30.0,26.0,,15,9,,1977,1000000000.0,,,No
30.0,16.0,,1,10,,1988,1000000000.0,,,No
,18.0,,14,12,,1983,1000000000.0,,,Yes
20.0,23.0,,14,4,10748.0,1978,1000000000.0,healthcare representative  -  research & development,,No
30.0,15.0,,8,12,,1990,1000000000.0,,,Yes
30.0,17.0,,12,8,,1987,1000000000.0,,,Yes
20.0,26.0,,3,0,16752.0,1976,1000000000.0,,,No
,18.0,,4,11,6201.0,1987,1000000000.0,,,Yes
30.0,17.0,,5,15,,1988,1000000000.0,,,No
30.0,32.0,,6,9,19845.0,1971,1000000000.0,,,Yes
30.0,16.0,,5,12,,1987,1000000000.0,,,No
30.0,15.0,,5,7,,1990,1000000000.0,,,Yes
30.0,15.0,,0,7,4001.0,1989,1000000000.0,sales executive  -  sales,,Yes
40.0,22.0,,13,5,10447.0,1982,1000000000.0,sales executive  -  sales,,Yes
30.0,17.0,,12,11,,1976,1000000000.0,healthcare representative  -  research & development,,Yes
20.0,14.0,,4,8,,1970,1000000000.0,,,Yes
30.0,15.0,,2,8,,1988,1000000000.0,,,No
30.0,16.0,,2,10,,1989,1000000000.0,,,Yes
30.0,24.0,,15,7,,1977,1000000000.0,,,Yes
30.0,17.0,,1,9,16064.0,1980,1000000000.0,,,Yes
30.0,15.0,,10,11,3210.0,1987,1000000000.0,laboratory technician  -  research & development,,Yes
40.0,18.0,13.0,13,11,10266.0,1963,1000000000.0,,,Yes
30.0,18.0,,1,12,10475.0,1983,1000000000.0,,,No
30.0,14.0,,6,8,6162.0,1991,1000000000.0,,,No
30.0,18.0,,2,17,4721.0,1982,1000000000.0,,,Yes
40.0,17.0,,15,2,,1970,1000000000.0,,,No
30.0,17.0,,15,14,,1987,1000000000.0,,,Yes
30.0,16.0,,1,7,4615.0,1977,1000000000.0,,,No
,15.0,,5,8,,1985,1000000000.0,,,Yes
20.0,13.0,,12,8,,1972,1000000000.0,,,Yes
40.0,25.0,,4,12,16959.0,1980,1000000000.0,,,Yes
30.0,17.0,,5,7,,1986,1000000000.0,,,Yes
30.0,13.0,12.0,11,9,,1991,1000000000.0,,,Yes
30.0,15.0,,5,11,,1985,1000000000.0,,,No
40.0,13.0,,5,1,,1977,1000000000.0,,,Yes
,13.0,,6,0,10306.0,1988,1000000000.0,,,No
30.0,16.0,,6,14,,1980,1000000000.0,,,Yes
20.0,13.0,,1,9,,1967,1000000000.0,,,Yes
20.0,15.0,,11,11,5406.0,1987,1000000000.0,,,Yes
30.0,13.0,,1,9,,1985,1000000000.0,,,Yes
20.0,15.0,,5,11,,1974,1000000000.0,,,No
40.0,15.0,,5,9,5902.0,1984,1000000000.0,,,Yes
20.0,12.0,,2,11,10855.0,1983,1000000000.0,,,Yes
40.0,13.0,,3,7,5914.0,1987,1000000000.0,,,Yes
30.0,13.0,,10,7,,1986,1000000000.0,,,No
30.0,17.0,,11,8,6646.0,1988,1000000000.0,,,Yes
10.0,13.0,,4,7,,1990,1000000000.0,,,No
30.0,12.0,,1,5,13973.0,1973,1000000000.0,manufacturing director  -  research & development,,No
30.0,15.0,11.0,4,8,,1975,1000000000.0,,,Yes
30.0,12.0,,11,11,13320.0,1979,1000000000.0,sales executive  -  sales,,Yes
30.0,20.0,,13,17,,1979,1000000000.0,,,Yes
30.0,12.0,,11,8,,1983,1000000000.0,,,Yes
40.0,14.0,,4,11,6687.0,1989,1000000000.0,,,Yes
30.0,14.0,,2,9,,1988,1000000000.0,healthcare representative  -  research & development,,Yes
30.0,14.0,11.0,1,11,,1973,1000000000.0,,,No
30.0,15.0,,2,12,,1974,1000000000.0,,,Yes
,13.0,,2,9,4735.0,1985,1000000000.0,,,Yes
,14.0,,2,13,,1990,1000000000.0,,,Yes
30.0,22.0,,14,10,,1976,1000000000.0,,,Yes
30.0,20.0,,0,7,,1985,1000000000.0,research scientist  -  research & development,,No
30.0,16.0,,6,8,,1986,1000000000.0,,,Yes
30.0,11.0,,10,8,,1993,1000000000.0,,,Yes
20.0,37.0,,1,8,13872.0,1965,1000000000.0,,,Yes
30.0,11.0,,5,8,,1989,1000000000.0,,,No
20.0,40.0,,15,6,,1965,1000000000.0,,,Yes
20.0,16.0,,5,13,,1985,1000000000.0,,,Yes
30.0,11.0,,4,1,,1994,1000000000.0,,,Yes
30.0,36.0,,4,13,19045.0,1968,1000000000.0,,,Yes
30.0,22.0,,0,4,16015.0,1982,1000000000.0,,,Yes
20.0,18.0,,3,7,9613.0,1984,1000000000.0,healthcare representative  -  research & development,,No
30.0,11.0,,2,9,11510.0,1985,1000000000.0,,,Yes
,25.0,,3,9,,1980,1000000000.0,,,Yes
10.0,13.0,,3,12,4306.0,1992,1000000000.0,,,Yes
30.0,27.0,,15,7,17046.0,1973,1000000000.0,manager  -  research & development,,Yes
30.0,13.0,,4,8,,1988,1000000000.0,,,No
,19.0,,2,7,5067.0,1976,1000000000.0,,,Yes
20.0,16.0,,10,1,,1988,1000000000.0,healthcare representative  -  research & development,,Yes
30.0,11.0,,11,1,,1983,1000000000.0,,,Yes
30.0,15.0,,4,12,,1978,1000000000.0,sales executive  -  sales,,No
30.0,14.0,,4,10,,1990,1000000000.0,research scientist  -  research & development,,No
20.0,11.0,,0,7,3692.0,1987,1000000000.0,,,No
30.0,24.0,,1,11,,1978,1000000000.0,,,Yes
20.0,29.0,,11,10,19847.0,1972,1000000000.0,,,No
30.0,11.0,,5,7,2308.0,1989,1000000000.0,,,No
30.0,14.0,,6,11,,1980,1000000000.0,research director  -  research & development,,Yes
,15.0,,4,13,,1989,1000000000.0,,,No
30.0,11.0,,3,8,,1985,1000000000.0,,,Yes
30.0,22.0,,12,9,,1975,1000000000.0,,,No
30.0,15.0,,6,11,5747.0,1989,1000000000.0,research scientist  -  research & development,,No
30.0,14.0,,5,7,10422.0,1991,1000000000.0,,,Yes
30.0,10.0,,8,8,,1994,1000000000.0,,,No
20.0,10.0,,9,5,,1977,1000000000.0,,,No
10.0,11.0,,4,7,6347.0,1993,1000000000.0,human resources  -  human resources,,No
,17.0,,0,15,2348.0,1978,1000000000.0,,,Yes
30.0,10.0,,7,4,,1993,1000000000.0,,,Yes
30.0,12.0,,6,10,3072.0,1993,1000000000.0,,,Yes
20.0,10.0,,1,9,,1989,1000000000.0,,,No
10.0,10.0,,4,7,12490.0,1972,1000000000.0,,,No
30.0,11.0,,5,9,,1989,1000000000.0,,,Yes
20.0,11.0,,6,9,8020.0,1988,1000000000.0,,,Yes
30.0,24.0,,9,11,,1978,1000000000.0,,,Yes
30.0,21.0,,11,10,17068.0,1984,1000000000.0,,,Yes
30.0,10.0,,8,9,8943.0,1992,1000000000.0,,,No
30.0,21.0,,13,3,19272.0,1984,1000000000.0,manager  -  research & development,,Yes
30.0,10.0,,9,8,,1978,1000000000.0,,,Yes
30.0,10.0,,1,2,,1993,1000000000.0,sales executive  -  sales,,Yes
20.0,11.0,,4,10,,1992,1000000000.0,,,No
30.0,13.0,,1,12,,1987,1000000000.0,,,Yes
30.0,10.0,,9,0,,1987,1000000000.0,,,Yes
30.0,10.0,,7,7,,1968,1000000000.0,,,Yes
30.0,11.0,,6,9,,1988,1000000000.0,,,Yes
20.0,10.0,,5,8,,1981,1000000000.0,,,No
30.0,10.0,,6,9,5577.0,1971,1000000000.0,,,Yes
30.0,31.0,,0,9,,1974,1000000000.0,,,Yes
20.0,10.0,,8,8,2691.0,1989,1000000000.0,research scientist  -  research & development,,Yes
20.0,10.0,,7,8,,1990,1000000000.0,,,No
40.0,13.0,,3,7,,1990,1000000000.0,research director  -  research & development,,Yes
30.0,12.0,,3,8,,1970,1000000000.0,,,Yes
20.0,26.0,,1,7,7403.0,1974,1000000000.0,,,No
30.0,10.0,,0,8,,1988,1000000000.0,,,No
20.0,19.0,,1,9,8823.0,1985,1000000000.0,,,No
30.0,12.0,,4,9,,1977,1000000000.0,manager  -  sales,,No
30.0,11.0,,0,9,,1987,1000000000.0,,,No
20.0,21.0,,13,14,,1981,1000000000.0,,,Yes
30.0,13.0,,4,9,,1989,1000000000.0,,,Yes
30.0,11.0,,5,7,3579.0,1993,1000000000.0,research scientist  -  research & development,,Yes
30.0,10.0,,0,9,17779.0,1969,1000000000.0,,,Yes
30.0,10.0,,1,8,,1992,1000000000.0,,,No
30.0,22.0,,3,10,18213.0,1979,1000000000.0,,,Yes
30.0,33.0,,15,0,13577.0,1968,1000000000.0,,,No
20.0,25.0,,14,13,19190.0,1979,1000000000.0,,,No
40.0,10.0,,1,8,,1989,1000000000.0,human resources  -  human resources,,Yes
30.0,19.0,,15,2,17123.0,1984,1000000000.0,,,No
30.0,19.0,,9,11,19187.0,1968,1000000000.0,,,Yes
30.0,33.0,,0,10,,1972,1000000000.0,,,Yes
20.0,10.0,,5,9,10008.0,1965,1000000000.0,,,Yes
30.0,10.0,,0,8,,1975,1000000000.0,,,Yes
20.0,10.0,,0,9,7988.0,1994,1000000000.0,human resources  -  human resources,,No
30.0,13.0,,3,12,,1989,1000000000.0,,,Yes
30.0,12.0,,5,8,,1981,1000000000.0,,,Yes
20.0,12.0,,2,8,,1966,1000000000.0,,,Yes
40.0,15.0,,10,10,,1989,1000000000.0,,,No
30.0,14.0,,1,12,,1969,1000000000.0,,,Yes
30.0,10.0,,8,6,7083.0,1989,1000000000.0,,,No
,10.0,,1,5,4723.0,1994,1000000000.0,,,Yes
20.0,10.0,,6,8,3407.0,1988,1000000000.0,,,Yes
40.0,11.0,,6,7,,1988,1000000000.0,,,Yes
30.0,10.0,,8,7,2929.0,1989,1000000000.0,,,Yes
30.0,10.0,,8,8,,1980,1000000000.0,,,No
20.0,16.0,,14,14,,1965,1000000000.0,,,Yes
30.0,10.0,,1,7,,1987,1000000000.0,sales executive  -  sales,,No
30.0,10.0,,0,9,,1980,1000000000.0,,,Yes
30.0,10.0,,1,4,,1968,1000000000.0,,,Yes
30.0,20.0,,3,7,,1981,1000000000.0,research scientist  -  research & development,,Yes
40.0,10.0,,9,4,,1983,1000000000.0,,,Yes
10.0,10.0,,9,8,,1967,1000000000.0,laboratory technician  -  research & development,,Yes
20.0,20.0,,9,6,12031.0,1984,1000000000.0,,,Yes
30.0,25.0,,3,7,15427.0,1970,1000000000.0,,,Yes
30.0,9.0,,1,7,,1996,1000000000.0,,,No
,12.0,,3,7,,1993,1000000000.0,,,Yes
20.0,9.0,,1,8,,1988,1000000000.0,,,Yes
30.0,9.0,,7,8,6162.0,1991,1000000000.0,manufacturing director  -  research & development,,Yes
,10.0,,3,0,5126.0,1993,1000000000.0,,,No
30.0,9.0,,4,7,9619.0,1977,1000000000.0,sales executive  -  sales,,No
20.0,11.0,,2,7,,1993,1000000000.0,,,No
30.0,11.0,,5,7,5010.0,1991,1000000000.0,,,Yes
30.0,10.0,,0,6,,1988,1000000000.0,,,No
30.0,9.0,,3,7,,1991,1000000000.0,,,Yes
30.0,9.0,,1,8,,1982,1000000000.0,research scientist  -  research & development,,Yes
30.0,20.0,,9,9,19033.0,1983,1000000000.0,,,No
30.0,20.0,,11,8,,1978,1000000000.0,,,Yes
20.0,14.0,,9,8,10400.0,1991,1000000000.0,,,No
30.0,11.0,,5,8,,1993,1000000000.0,manufacturing director  -  research & development,,Yes
30.0,10.0,,0,7,,1986,1000000000.0,,,Yes
30.0,9.0,,5,8,2793.0,1986,1000000000.0,,,No
30.0,9.0,,4,7,,1983,1000000000.0,,,No
30.0,9.0,,0,8,5674.0,1987,1000000000.0,,,Yes
20.0,13.0,,4,8,,1991,1000000000.0,,,Yes
30.0,10.0,,0,1,,1985,1000000000.0,,,Yes
30.0,10.0,,1,9,,1993,1000000000.0,,,Yes
30.0,21.0,,1,6,19197.0,1984,1000000000.0,,,Yes
10.0,29.0,,11,10,,1963,1000000000.0,,,Yes
30.0,9.0,,7,8,8412.0,1993,1000000000.0,,,Yes
40.0,13.0,,0,8,,1992,1000000000.0,manufacturing director  -  research & development,,Yes
30.0,10.0,,9,7,3348.0,1990,1000000000.0,,,No
30.0,20.0,,3,8,,1973,1000000000.0,,,Yes
30.0,10.0,,4,7,5309.0,1991,1000000000.0,laboratory technician  -  research & development,,Yes
20.0,9.0,,7,8,,1981,1000000000.0,,,Yes
40.0,9.0,,7,7,7654.0,1974,1000000000.0,sales executive  -  sales,,No
30.0,9.0,,0,8,12808.0,1996,1000000000.0,,,Yes
30.0,9.0,,0,8,,1990,1000000000.0,,,Yes
30.0,9.0,,0,0,,1971,1000000000.0,manufacturing director  -  research & development,,No
30.0,10.0,,5,3,,1991,1000000000.0,,,Yes
20.0,16.0,,4,11,6586.0,1987,1000000000.0,,,No
20.0,9.0,,0,0,,1992,1000000000.0,sales executive  -  sales,,No
30.0,11.0,,3,9,2519.0,1987,1000000000.0,,,Yes
,9.0,,7,8,17099.0,1971,1000000000.0,,,Yes
30.0,10.0,,6,0,,1990,1000000000.0,,,No
30.0,9.0,,0,8,,1978,1000000000.0,,,Yes
20.0,14.0,,7,8,,1987,1000000000.0,manufacturing director  -  research & development,,Yes
30.0,9.0,,2,3,13120.0,1974,1000000000.0,,,No
10.0,11.0,,3,10,,1994,1000000000.0,,,Yes
30.0,10.0,,0,8,3131.0,1994,1000000000.0,,,No
20.0,14.0,,3,11,,1986,1000000000.0,manufacturing director  -  research & development,,Yes
30.0,9.0,,0,8,,1990,1000000000.0,,,Yes
40.0,11.0,,5,10,4444.0,1989,1000000000.0,,,Yes
30.0,9.0,,7,5,6674.0,1995,1000000000.0,,,Yes
20.0,10.0,,9,6,9852.0,1992,1000000000.0,,,Yes
20.0,20.0,,2,10,17861.0,1981,1000000000.0,,,No
30.0,9.0,,8,8,,1983,1000000000.0,,,Yes
40.0,10.0,,9,6,,1989,1000000000.0,,,Yes
30.0,9.0,,1,5,,1965,1000000000.0,,,No
30.0,10.0,,4,7,7446.0,1992,1000000000.0,,,Yes
30.0,9.0,,4,8,13757.0,1983,1000000000.0,,,Yes
20.0,9.0,,8,8,16598.0,1970,1000000000.0,,,Yes
20.0,14.0,,6,9,,1989,1000000000.0,research director  -  research & development,,Yes
10.0,11.0,,3,3,,1988,1000000000.0,,,Yes
30.0,10.0,,3,7,4285.0,1986,1000000000.0,,,Yes
10.0,20.0,,13,9,10124.0,1981,1000000000.0,,,Yes
30.0,10.0,,7,7,,1978,1000000000.0,,,Yes
30.0,10.0,,6,7,9714.0,1993,1000000000.0,,,Yes
30.0,9.0,,7,7,9924.0,1985,1000000000.0,,,Yes
30.0,30.0,,12,13,11245.0,1973,1000000000.0,,,No
,10.0,,0,7,3069.0,1984,1000000000.0,,,Yes
30.0,11.0,,7,9,,1989,1000000000.0,,,Yes
30.0,10.0,,4,7,,1969,1000000000.0,manager  -  research & development,,Yes
30.0,10.0,,8,7,9241.0,1982,1000000000.0,,,No
30.0,9.0,,5,8,6472.0,1984,1000000000.0,,,Yes
20.0,21.0,,12,8,,1983,1000000000.0,,,No
20.0,9.0,,1,7,3055.0,1990,1000000000.0,,,Yes
30.0,12.0,,5,7,8321.0,1987,1000000000.0,,,No
30.0,10.0,,7,6,3143.0,1990,1000000000.0,,,Yes
30.0,10.0,,4,8,,1989,1000000000.0,,,No
40.0,11.0,,3,10,,1994,1000000000.0,laboratory technician  -  research & development,,No
20.0,9.0,,4,7,8578.0,1977,1000000000.0,,,Yes
30.0,9.0,,5,8,,1996,1000000000.0,,,No
30.0,10.0,,0,2,4197.0,1992,1000000000.0,,,No
20.0,9.0,,3,8,,1978,1000000000.0,manufacturing director  -  research & development,,Yes
20.0,14.0,,2,1,9888.0,1989,1000000000.0,,,No
30.0,10.0,,8,7,,1992,1000000000.0,research scientist  -  research & development,,Yes
30.0,10.0,,0,9,,1988,1000000000.0,,,No
30.0,20.0,,11,10,13341.0,1984,1000000000.0,,,No
30.0,11.0,,5,10,5677.0,1983,1000000000.0,,,Yes
20.0,12.0,,1,7,,1993,1000000000.0,,,No
10.0,13.0,,5,12,,1976,1000000000.0,research director  -  research & development,,Yes
,9.0,,0,0,,1971,1000000000.0,,,Yes
30.0,10.0,,1,7,,1974,1000000000.0,,,Yes
30.0,8.0,,3,0,2909.0,1990,1000000000.0,,,Yes
20.0,7.0,,3,6,,1991,1000000000.0,,,Yes
30.0,9.0,,1,8,9526.0,1985,1000000000.0,manufacturing director  -  research & development,,Yes
20.0,7.0,,7,7,,1987,1000000000.0,healthcare representative  -  research & development,,Yes
30.0,9.0,,4,2,6825.0,1981,1000000000.0,,,No
20.0,7.0,,1,7,,1992,1000000000.0,laboratory technician  -  research & development,,No
30.0,11.0,,1,8,4424.0,1992,1000000000.0,,,No
10.0,10.0,,1,0,5441.0,1972,1000000000.0,,,Yes
,9.0,,0,6,6074.0,1989,1000000000.0,,,Yes
30.0,9.0,,2,8,,1987,1000000000.0,,,No
20.0,10.0,,0,9,,1993,1000000000.0,,,No
40.0,7.0,7.0,0,7,6146.0,1990,1000000000.0,,,Yes
20.0,7.0,,7,7,6172.0,1992,1000000000.0,,,No
30.0,9.0,,0,7,,1982,1000000000.0,,,No
30.0,8.0,,5,7,,1997,1000000000.0,,,Yes
40.0,8.0,,0,7,4668.0,1991,1000000000.0,,,Yes
30.0,20.0,,2,13,5605.0,1983,1000000000.0,,,No
10.0,7.0,,4,5,,1970,1000000000.0,sales representative  -  sales,,Yes
30.0,10.0,,0,9,4319.0,1994,1000000000.0,manufacturing director  -  research & development,,No
20.0,8.0,,7,2,,1987,1000000000.0,laboratory technician  -  research & development,,Yes
30.0,8.0,,1,6,,1990,1000000000.0,research scientist  -  research & development,,Yes
30.0,7.0,,1,0,,1972,1000000000.0,,,No
20.0,7.0,,0,3,,1996,1000000000.0,,,No
20.0,8.0,,1,7,3564.0,1986,1000000000.0,,,Yes
10.0,7.0,,1,7,6261.0,1985,1000000000.0,,,Yes
30.0,7.0,,1,7,6804.0,1974,1000000000.0,,,No
30.0,7.0,,0,7,,1996,1000000000.0,,,No
30.0,19.0,,12,8,,1978,1000000000.0,sales executive  -  sales,,Yes
40.0,10.0,,0,8,,1988,1000000000.0,,,Yes
40.0,9.0,,1,7,,1990,1000000000.0,,,Yes
40.0,33.0,,15,12,,1971,1000000000.0,,,Yes
30.0,21.0,,3,9,19436.0,1983,1000000000.0,research director  -  research & development,,Yes
30.0,8.0,,7,5,,1985,1000000000.0,sales executive  -  sales,,Yes
20.0,7.0,,7,7,,1977,1000000000.0,,,No
30.0,20.0,,4,10,,1978,1000000000.0,,,Yes
20.0,10.0,,9,9,,1976,1000000000.0,,,Yes
20.0,7.0,,6,2,,1988,1000000000.0,,,No
,10.0,,0,9,,1994,1000000000.0,,,Yes
30.0,10.0,,0,8,,1968,1000000000.0,laboratory technician  -  research & development,,Yes
,8.0,,7,4,5828.0,1997,1000000000.0,,,Yes
20.0,8.0,,7,7,,1992,1000000000.0,,,Yes
30.0,8.0,,1,7,2455.0,1980,1000000000.0,,,Yes
30.0,7.0,,1,7,,1992,1000000000.0,,,Yes
20.0,7.0,,0,7,5055.0,1991,1000000000.0,,,Yes
20.0,7.0,,0,1,4682.0,1990,1000000000.0,,,No
40.0,9.0,,0,0,5257.0,1980,1000000000.0,laboratory technician  -  research & development,,No
20.0,7.0,,0,7,2119.0,1994,1000000000.0,,,No
30.0,8.0,,0,7,,1996,1000000000.0,sales executive  -  sales,,No
30.0,7.0,,1,7,,1994,1000000000.0,,,No
30.0,7.0,,6,7,5974.0,1986,1000000000.0,,,No
30.0,8.0,,7,7,,1997,1000000000.0,,,Yes
30.0,7.0,,1,7,,1983,1000000000.0,,,Yes
30.0,8.0,,7,7,,1982,1000000000.0,,,No
20.0,7.0,,0,7,,1972,1000000000.0,,,Yes
20.0,18.0,,12,17,3034.0,1986,1000000000.0,,,No
20.0,7.0,,7,7,13212.0,1967,1000000000.0,,,Yes
30.0,10.0,,0,7,8392.0,1982,1000000000.0,sales executive  -  sales,,Yes
20.0,10.0,,0,8,,1977,1000000000.0,,,No
20.0,11.0,,6,7,,1993,1000000000.0,,,No
30.0,8.0,,0,0,,1988,1000000000.0,,,No
30.0,9.0,,6,7,4051.0,1975,1000000000.0,,,Yes
40.0,8.0,,3,7,4805.0,1978,1000000000.0,,,Yes
,7.0,,1,0,2741.0,1997,1000000000.0,,,Yes
30.0,8.0,,0,7,,1982,1000000000.0,,,Yes
30.0,10.0,,5,7,5337.0,1989,1000000000.0,,,Yes
40.0,7.0,,5,7,,1992,1000000000.0,,,Yes
30.0,8.0,,4,7,,1980,1000000000.0,,,No
40.0,14.0,,8,10,,1970,1000000000.0,sales executive  -  sales,,No
30.0,10.0,,7,8,9434.0,1986,1000000000.0,,,Yes
40.0,9.0,,7,1,,1969,1000000000.0,,,Yes
30.0,7.0,,0,5,,1985,1000000000.0,sales executive  -  sales,,Yes
30.0,10.0,,2,8,,1994,1000000000.0,research scientist  -  research & development,,Yes
40.0,8.0,,7,7,,1989,1000000000.0,,,No
30.0,20.0,7.0,11,10,,1984,1000000000.0,,,No
20.0,10.0,,0,8,5396.0,1991,1000000000.0,,,Yes
,9.0,,1,8,,1985,1000000000.0,,,Yes
30.0,9.0,,0,7,,1996,1000000000.0,,,No
30.0,7.0,,7,7,11159.0,1991,1000000000.0,,,No
30.0,7.0,,1,7,4960.0,1976,1000000000.0,,,No
20.0,9.0,,1,7,8793.0,1996,1000000000.0,,,Yes
30.0,22.0,,2,10,19189.0,1982,1000000000.0,,,No
30.0,7.0,,3,7,2216.0,1995,1000000000.0,research scientist  -  research & development,,Yes
30.0,8.0,,0,5,11713.0,1987,1000000000.0,research director  -  research & development,,No
20.0,8.0,,7,7,5304.0,1993,1000000000.0,,,Yes
20.0,10.0,,1,1,11103.0,1967,1000000000.0,,,No
30.0,8.0,,3,1,6632.0,1978,1000000000.0,,,Yes
30.0,10.0,,0,9,7587.0,1987,1000000000.0,,,No
20.0,8.0,,1,1,4335.0,1994,1000000000.0,,,Yes
30.0,15.0,,4,12,5980.0,1985,1000000000.0,,,Yes
30.0,8.0,,3,7,4244.0,1983,1000000000.0,,,Yes
20.0,24.0,,14,9,,1981,1000000000.0,,,Yes
30.0,9.0,,0,5,5228.0,1987,1000000000.0,,,No
30.0,10.0,,0,7,2700.0,1994,1000000000.0,,,Yes
20.0,9.0,,7,3,,1968,1000000000.0,,,No
30.0,8.0,,7,5,,1995,1000000000.0,sales executive  -  sales,,Yes
30.0,8.0,,1,7,2366.0,1997,1000000000.0,,,Yes
30.0,8.0,,7,1,,1979,1000000000.0,,,Yes
20.0,7.0,,1,0,,1982,1000000000.0,laboratory technician  -  research & development,,Yes
40.0,7.0,,5,2,2329.0,1992,1000000000.0,,,No
30.0,7.0,,0,7,4294.0,1997,1000000000.0,sales executive  -  sales,,Yes
10.0,9.0,,8,5,,1992,1000000000.0,,,No
40.0,8.0,,6,3,6725.0,1991,1000000000.0,,,No
30.0,16.0,,3,7,10325.0,1987,1000000000.0,,,No
20.0,9.0,,0,8,4447.0,1978,1000000000.0,,,Yes
30.0,8.0,,0,7,,1984,1000000000.0,,,No
30.0,7.0,,0,7,,1987,1000000000.0,,,Yes
30.0,8.0,,0,7,10845.0,1977,1000000000.0,,,No
30.0,10.0,,0,8,,1969,1000000000.0,,,Yes
20.0,8.0,,1,7,,1993,1000000000.0,,,Yes
30.0,8.0,,1,3,5472.0,1997,1000000000.0,,,No
30.0,8.0,,6,7,6385.0,1968,1000000000.0,,,Yes
30.0,18.0,,0,13,6347.0,1973,1000000000.0,sales executive  -  sales,,Yes
30.0,8.0,,7,7,,1991,1000000000.0,,,Yes
,15.0,,6,12,7525.0,1970,1000000000.0,,,Yes
20.0,7.0,,7,5,,1983,1000000000.0,,,No
40.0,9.0,,6,2,,1968,1000000000.0,,,Yes
20.0,10.0,,1,9,,1995,1000000000.0,,,No
40.0,8.0,,1,7,3660.0,1995,1000000000.0,,,Yes
30.0,8.0,,4,7,,1988,1000000000.0,,,Yes
30.0,13.0,,3,8,,1990,1000000000.0,research scientist  -  research & development,,Yes
40.0,7.0,,5,6,,1998,1000000000.0,laboratory technician  -  research & development,,Yes
,8.0,,2,7,8740.0,1985,1000000000.0,sales executive  -  sales,,Yes
20.0,9.0,,1,7,,1995,1000000000.0,,,Yes
30.0,8.0,,0,1,,1980,1000000000.0,,,No
30.0,18.0,,11,5,,1984,1000000000.0,healthcare representative  -  research & development,,No
,20.0,,4,9,,1983,1000000000.0,,,Yes
20.0,10.0,,1,2,,1994,1000000000.0,,,Yes
20.0,18.0,,2,13,13499.0,1983,1000000000.0,,,No
30.0,8.0,,0,7,,1997,1000000000.0,,,Yes
40.0,7.0,,6,4,,1988,1000000000.0,,,Yes
30.0,7.0,,4,7,,1970,1000000000.0,manager  -  research & development,,No
30.0,7.0,,1,7,,1988,1000000000.0,,,Yes
20.0,10.0,,0,1,,1990,1000000000.0,,,Yes
30.0,7.0,,1,7,,1987,1000000000.0,laboratory technician  -  research & development,,Yes
20.0,10.0,,8,9,3491.0,1993,1000000000.0,,,Yes
30.0,11.0,,1,9,5220.0,1963,1000000000.0,,,Yes
30.0,8.0,,0,7,,1991,1000000000.0,,,No
30.0,7.0,,7,7,10252.0,1987,1000000000.0,,,Yes
20.0,9.0,,6,8,,1996,1000000000.0,,,Yes
30.0,8.0,,0,7,19740.0,1980,1000000000.0,research director  -  research & development,,Yes
20.0,7.0,,1,7,,1994,1000000000.0,,,Yes
20.0,9.0,,5,4,,1964,1000000000.0,,,No
40.0,21.0,,15,17,,1980,1000000000.0,,,Yes
30.0,10.0,,0,5,,1979,1000000000.0,,,Yes
30.0,7.0,,7,7,,1994,1000000000.0,laboratory technician  -  research & development,,Yes
40.0,10.0,,0,8,6209.0,1991,1000000000.0,,,No
30.0,7.0,,1,7,7094.0,1987,1000000000.0,,,Yes
20.0,8.0,,7,7,,1971,1000000000.0,sales executive  -  sales,,Yes
,8.0,,1,7,4534.0,1984,1000000000.0,,,Yes
20.0,9.0,,1,6,8500.0,1989,1000000000.0,,,Yes
30.0,7.0,,1,7,,1985,1000000000.0,,,Yes
20.0,15.0,,6,13,4639.0,1987,1000000000.0,sales executive  -  sales,,Yes
30.0,9.0,,0,0,5363.0,1988,1000000000.0,,,No
20.0,19.0,,3,8,,1968,1000000000.0,,,Yes
30.0,8.0,,7,7,,1989,1000000000.0,,,No
10.0,20.0,,1,8,4081.0,1980,1000000000.0,,,No
30.0,20.0,,0,9,,1981,1000000000.0,,,No
30.0,7.0,,0,7,3578.0,1997,1000000000.0,,,Yes
30.0,8.0,,7,7,,1994,1000000000.0,,,Yes
20.0,20.0,,12,7,17328.0,1969,1000000000.0,research director  -  research & development,,No
40.0,7.0,,0,0,,1968,1000000000.0,,,Yes
,8.0,,0,7,,1983,1000000000.0,,,Yes
30.0,13.0,,9,9,10793.0,1992,1000000000.0,,,Yes
40.0,7.0,,4,3,,1977,1000000000.0,,,Yes
30.0,7.0,,0,7,10851.0,1978,1000000000.0,,,No
30.0,8.0,,0,7,10466.0,1974,1000000000.0,,,No
30.0,10.0,,0,4,,1994,1000000000.0,,,Yes
10.0,9.0,,0,7,2362.0,1994,1000000000.0,,,Yes
30.0,7.0,,0,7,,1994,1000000000.0,,,Yes
30.0,21.0,,7,7,,1983,1000000000.0,manager  -  human resources,,Yes
,8.0,,7,7,6439.0,1975,1000000000.0,sales executive  -  sales,,Yes
30.0,33.0,,1,9,,1970,1000000000.0,,,Yes
20.0,22.0,,1,10,,1979,1000000000.0,,,No
30.0,10.0,,1,4,5769.0,1978,1000000000.0,,,No
,10.0,,4,5,4385.0,1978,1000000000.0,,,No
,9.0,,7,2,,1989,1000000000.0,,,Yes
30.0,7.0,,7,7,,1984,1000000000.0,manufacturing director  -  research & development,,No
30.0,7.0,,0,7,4066.0,1996,1000000000.0,laboratory technician  -  research & development,,Yes
30.0,10.0,,3,9,,1978,1000000000.0,,,Yes
30.0,10.0,,0,2,,1979,1000000000.0,,,Yes
30.0,7.0,,0,7,5206.0,1998,1000000000.0,,,No
30.0,8.0,,0,0,,1974,1000000000.0,,,Yes
30.0,9.0,,7,7,2655.0,1975,1000000000.0,,,No
30.0,7.0,,5,7,2570.0,1997,1000000000.0,,,Yes
30.0,8.0,,6,7,,1979,1000000000.0,,,Yes
20.0,13.0,,6,7,4502.0,1987,1000000000.0,,,Yes
30.0,10.0,,0,9,,1977,1000000000.0,healthcare representative  -  research & development,,Yes
30.0,7.0,,0,7,,1988,1000000000.0,,,Yes
,9.0,,0,7,4968.0,1993,1000000000.0,,,No
30.0,7.0,,1,7,,1993,1000000000.0,,,Yes
20.0,11.0,,1,7,5147.0,1990,1000000000.0,,,Yes
30.0,7.0,,0,7,2718.0,1991,1000000000.0,,,Yes
30.0,9.0,,1,8,3539.0,1980,1000000000.0,,,No
30.0,12.0,,5,7,5468.0,1992,1000000000.0,,,Yes
30.0,10.0,,7,7,5813.0,1988,1000000000.0,,,No
30.0,7.0,,1,7,,1988,1000000000.0,manufacturing director  -  research & development,,No
30.0,7.0,,0,2,9667.0,1993,1000000000.0,,,No
40.0,9.0,7.0,3,7,,1977,1000000000.0,,,No
40.0,8.0,,5,7,5154.0,1978,1000000000.0,,,No
30.0,7.0,,7,7,5675.0,1980,1000000000.0,,,No
30.0,8.0,,0,7,7314.0,1977,1000000000.0,,,Yes
,19.0,,11,16,,1983,1000000000.0,manager  -  research & development,,Yes
20.0,8.0,,0,7,,1996,1000000000.0,sales executive  -  sales,,No
40.0,13.0,,5,7,,1981,1000000000.0,,,Yes
30.0,7.0,,7,7,,1997,1000000000.0,,,Yes
30.0,7.0,,0,7,,1995,1000000000.0,,,Yes
40.0,8.0,,1,7,,1976,1000000000.0,,,No
20.0,8.0,,1,1,,1989,1000000000.0,,,Yes
,7.0,,7,6,,1997,1000000000.0,laboratory technician  -  research & development,,Yes
,7.0,,0,7,,1996,1000000000.0,,,No
30.0,10.0,,0,8,,1992,1000000000.0,sales executive  -  sales,,Yes
30.0,9.0,,2,8,,1990,1000000000.0,,,Yes
40.0,11.0,,4,8,,1992,1000000000.0,,,Yes
30.0,10.0,,0,8,5098.0,1988,1000000000.0,,,Yes
30.0,9.0,,8,1,,1990,1000000000.0,,,Yes
30.0,7.0,,1,7,,1984,1000000000.0,,,No
30.0,9.0,,3,4,,1987,1000000000.0,,,Yes
30.0,20.0,,0,10,13570.0,1982,1000000000.0,,,Yes
30.0,8.0,,1,7,6712.0,1989,1000000000.0,sales executive  -  sales,,No
30.0,10.0,,1,9,,1985,1000000000.0,,,Yes
30.0,7.0,,1,7,9991.0,1984,1000000000.0,,,Yes
30.0,12.0,6.0,2,11,,1989,1000000000.0,,,No
30.0,22.0,,5,17,10248.0,1979,1000000000.0,,,Yes
30.0,9.0,,0,8,,1977,1000000000.0,,,Yes
20.0,7.0,,7,7,,1982,1000000000.0,manager  -  research & development,,No
30.0,19.0,,11,8,10938.0,1984,1000000000.0,healthcare representative  -  research & development,,No
30.0,9.0,,7,8,2593.0,1981,1000000000.0,,,Yes
30.0,10.0,,8,8,11878.0,1990,1000000000.0,manager  -  research & development,,Yes
30.0,16.0,,0,13,8095.0,1988,1000000000.0,,,Yes
40.0,7.0,,7,7,,1990,1000000000.0,,,Yes
30.0,20.0,,5,13,,1983,1000000000.0,,,No
20.0,21.0,,12,6,,1982,1000000000.0,,,No
10.0,7.0,,0,7,,1996,1000000000.0,,,No
40.0,34.0,,1,16,16856.0,1971,1000000000.0,,,Yes
20.0,20.0,,4,17,,1972,1000000000.0,,,No
30.0,7.0,,7,7,4537.0,1976,1000000000.0,,,Yes
30.0,31.0,,14,7,17924.0,1973,1000000000.0,manager  -  research & development,,No
10.0,10.0,,0,7,4014.0,1988,1000000000.0,healthcare representative  -  research & development,,Yes
30.0,21.0,,11,8,12742.0,1984,1000000000.0,,,Yes
30.0,21.0,,2,8,,1984,1000000000.0,,,No
30.0,10.0,,0,8,3376.0,1982,1000000000.0,,,No
30.0,20.0,,3,6,10482.0,1979,1000000000.0,human resources  -  human resources,,Yes
30.0,22.0,,13,7,,1981,1000000000.0,,,No
,8.0,,4,0,,1971,1000000000.0,,,Yes
40.0,7.0,,5,0,,1985,1000000000.0,,,Yes
40.0,7.0,,5,7,,1977,1000000000.0,human resources  -  human resources,,Yes
30.0,9.0,,1,1,4249.0,1988,1000000000.0,,,No
20.0,8.0,,1,7,6549.0,1995,1000000000.0,manufacturing director  -  research & development,,Yes
40.0,20.0,,14,17,,1979,1000000000.0,,,Yes
30.0,32.0,,13,9,14411.0,1973,1000000000.0,,,No
30.0,36.0,,2,13,19586.0,1968,1000000000.0,,,Yes
30.0,7.0,,7,6,8237.0,1984,1000000000.0,sales executive  -  sales,,Yes
20.0,9.0,,1,4,3211.0,1974,1000000000.0,laboratory technician  -  research & development,,Yes
30.0,21.0,6.0,8,6,16704.0,1978,1000000000.0,,,No
20.0,10.0,,0,3,,1977,1000000000.0,,,No
,7.0,,7,3,4774.0,1996,1000000000.0,,,No
20.0,22.0,,4,14,,1981,1000000000.0,,,Yes
20.0,9.0,,0,8,,1974,1000000000.0,sales executive  -  sales,,Yes
30.0,9.0,,0,8,,1994,1000000000.0,,,Yes
30.0,9.0,,8,7,4568.0,1989,1000000000.0,,,No
,7.0,,0,7,5993.0,1986,1000000000.0,,,No
30.0,6.0,,0,3,6499.0,1987,1000000000.0,,,Yes
20.0,6.0,,0,3,3452.0,1978,1000000000.0,,,Yes
30.0,6.0,,1,5,,1994,1000000000.0,,,No
10.0,6.0,,1,4,6397.0,1997,1000000000.0,,,No
30.0,7.0,,0,7,,1995,1000000000.0,,,Yes
40.0,6.0,,0,4,,1981,1000000000.0,,,Yes
40.0,6.0,,0,5,,1992,1000000000.0,sales executive  -  sales,,Yes
40.0,6.0,,1,2,,1986,1000000000.0,,,Yes
30.0,9.0,,7,7,,1986,1000000000.0,,,No
20.0,6.0,,4,3,,1986,1000000000.0,,,No
30.0,6.0,,1,4,2725.0,1999,1000000000.0,,,Yes
30.0,32.0,,10,7,,1973,1000000000.0,,,No
30.0,6.0,,1,3,3622.0,1989,1000000000.0,,,Yes
30.0,6.0,,0,4,,1996,1000000000.0,,,No
20.0,6.0,,1,4,6180.0,1998,1000000000.0,sales executive  -  sales,,No
30.0,6.0,,1,4,6274.0,1989,1000000000.0,sales executive  -  sales,,Yes
30.0,6.0,,1,3,4381.0,1989,1000000000.0,research scientist  -  research & development,,Yes
40.0,8.0,,1,6,,1988,1000000000.0,,,No
20.0,6.0,,1,1,2559.0,1988,1000000000.0,,,No
30.0,6.0,,1,2,5488.0,1990,1000000000.0,healthcare representative  -  research & development,,Yes
30.0,7.0,,1,7,2514.0,1994,1000000000.0,,,No
20.0,7.0,,1,1,,1994,1000000000.0,research scientist  -  research & development,,Yes
20.0,6.0,,1,3,,1989,1000000000.0,,,No
30.0,6.0,,3,3,3196.0,1995,1000000000.0,,,No
30.0,10.0,,7,7,,1979,1000000000.0,,,No
20.0,6.0,,0,1,,1992,1000000000.0,healthcare representative  -  research & development,,No
20.0,8.0,,2,2,,1997,1000000000.0,research scientist  -  research & development,,No
20.0,6.0,,1,2,3420.0,1976,1000000000.0,,,Yes
10.0,6.0,,1,3,,1986,1000000000.0,laboratory technician  -  research & development,,No
20.0,6.0,,1,2,4087.0,1991,1000000000.0,,,Yes
20.0,9.0,,1,6,,1991,1000000000.0,,,Yes
30.0,6.0,,1,2,5368.0,1990,1000000000.0,,,No
10.0,23.0,,14,10,12936.0,1976,1000000000.0,sales executive  -  sales,,Yes
10.0,6.0,,0,5,,1982,1000000000.0,,,No
30.0,5.0,,0,3,,1988,1000000000.0,laboratory technician  -  research & development,,No
30.0,5.0,,0,4,,1994,1000000000.0,,,No
30.0,10.0,,0,9,,1991,1000000000.0,,,Yes
30.0,6.0,,0,4,,1988,1000000000.0,,,No
20.0,6.0,,0,2,,1967,1000000000.0,,,Yes
40.0,5.0,,0,4,4221.0,1995,1000000000.0,,,Yes
30.0,6.0,,0,3,,1998,1000000000.0,,,Yes
30.0,5.0,,4,3,4963.0,1967,1000000000.0,,,Yes
20.0,5.0,,4,3,,1997,1000000000.0,research scientist  -  research & development,,No
40.0,5.0,,0,4,4200.0,1991,1000000000.0,,,No
20.0,5.0,,0,4,,1993,1000000000.0,,,Yes
30.0,5.0,,4,4,,1973,1000000000.0,,,No
,5.0,,1,4,,1991,1000000000.0,,,No
40.0,5.0,,0,3,5006.0,1978,1000000000.0,,,No
40.0,5.0,,2,2,,1980,1000000000.0,,,Yes
20.0,10.0,,1,9,7639.0,1994,1000000000.0,,,Yes
30.0,5.0,,1,4,,1992,1000000000.0,manufacturing director  -  research & development,,Yes
10.0,5.0,,0,4,,1990,1000000000.0,,,No
40.0,5.0,,1,4,,1992,1000000000.0,,,Yes
40.0,5.0,,0,1,6502.0,1986,1000000000.0,,,Yes
20.0,10.0,,1,6,,1973,1000000000.0,research director  -  research & development,,No
,20.0,,4,8,13525.0,1981,1000000000.0,,,Yes
30.0,5.0,,0,4,,1996,1000000000.0,,,Yes
,5.0,,1,4,6349.0,1996,1000000000.0,,,Yes
30.0,5.0,,1,2,,1982,1000000000.0,,,Yes
30.0,5.0,4.0,0,3,,1986,1000000000.0,,,Yes
30.0,6.0,,1,0,6380.0,1983,1000000000.0,,,Yes
30.0,5.0,,1,2,,1968,1000000000.0,,,No
30.0,6.0,,0,4,3102.0,1997,1000000000.0,,,Yes
30.0,5.0,,1,3,,1983,1000000000.0,,,Yes
30.0,5.0,,1,3,,1998,1000000000.0,sales executive  -  sales,,No
30.0,5.0,,4,4,,1993,1000000000.0,,,Yes
30.0,5.0,,0,4,,1971,1000000000.0,,,No
30.0,5.0,,0,2,4556.0,1981,1000000000.0,,,No
30.0,5.0,,0,2,,1993,1000000000.0,,,Yes
30.0,5.0,,4,3,4230.0,1988,1000000000.0,,,No
20.0,5.0,,0,1,,1992,1000000000.0,,,Yes
30.0,5.0,,0,3,4859.0,1988,1000000000.0,sales executive  -  sales,,Yes
30.0,7.0,,0,6,,1998,1000000000.0,,,Yes
,6.0,,0,5,6322.0,1991,1000000000.0,,,No
30.0,5.0,,1,3,,1976,1000000000.0,,,No
20.0,5.0,,0,3,,1993,1000000000.0,,,Yes
30.0,5.0,,0,2,10761.0,1978,1000000000.0,,,No
30.0,5.0,,0,3,,1987,1000000000.0,,,Yes
30.0,6.0,,0,2,,1992,1000000000.0,,,Yes
30.0,5.0,4.0,0,0,2973.0,1986,1000000000.0,,,No
30.0,5.0,,0,4,5204.0,1984,1000000000.0,,,No
30.0,5.0,,0,3,,1981,1000000000.0,,,Yes
40.0,8.0,,7,7,,1993,1000000000.0,,,No
20.0,5.0,,1,3,17399.0,1973,1000000000.0,,,Yes
10.0,6.0,,0,4,,1964,1000000000.0,manager  -  sales,,Yes
30.0,9.0,,7,0,,1969,1000000000.0,,,Yes
30.0,5.0,,0,3,,1967,1000000000.0,,,No
20.0,5.0,,2,1,16885.0,1975,1000000000.0,,,Yes
20.0,5.0,,0,3,,1984,1000000000.0,laboratory technician  -  research & development,,No
10.0,5.0,,1,4,4323.0,1988,1000000000.0,,,Yes
,6.0,,1,5,5155.0,1981,1000000000.0,sales executive  -  sales,,No
30.0,6.0,,0,2,2936.0,1979,1000000000.0,,,No
20.0,5.0,,1,3,,1994,1000000000.0,,,No
30.0,5.0,,1,4,,1990,1000000000.0,,,Yes
10.0,5.0,,1,4,,1969,1000000000.0,,,No
30.0,11.0,,0,8,18789.0,1977,1000000000.0,manager  -  sales,,Yes
30.0,8.0,4.0,1,7,,1993,1000000000.0,,,Yes
30.0,10.0,,1,1,4883.0,1991,1000000000.0,,,Yes
30.0,5.0,,1,0,,1983,1000000000.0,,,Yes
30.0,5.0,,0,0,2029.0,1989,1000000000.0,,,Yes
40.0,5.0,,1,4,,1984,1000000000.0,sales executive  -  sales,,No
30.0,6.0,,1,3,2996.0,1986,1000000000.0,,,No
40.0,5.0,,1,2,,1990,1000000000.0,sales executive  -  sales,,Yes
30.0,6.0,,0,5,,1984,1000000000.0,healthcare representative  -  research & development,,No
10.0,5.0,,0,4,,1971,1000000000.0,,,Yes
30.0,5.0,,0,1,9278.0,1987,1000000000.0,,,Yes
20.0,10.0,,1,8,,1987,1000000000.0,,,Yes
30.0,5.0,,0,3,4162.0,1999,1000000000.0,,,Yes
20.0,5.0,,0,2,,1989,1000000000.0,,,No
30.0,5.0,,1,3,,1995,1000000000.0,sales executive  -  sales,,Yes
30.0,5.0,,0,2,,1990,1000000000.0,laboratory technician  -  research & development,,Yes
20.0,5.0,,1,2,,1976,1000000000.0,,,Yes
10.0,5.0,,1,0,,1983,1000000000.0,,,No
30.0,5.0,,0,3,,1978,1000000000.0,,,Yes
40.0,8.0,,7,1,,1983,1000000000.0,,,Yes
40.0,6.0,,1,3,8853.0,1994,1000000000.0,,,Yes
30.0,5.0,,1,2,,1983,1000000000.0,,,Yes
,6.0,,0,2,4876.0,1980,1000000000.0,,,No
20.0,6.0,,1,1,2141.0,1993,1000000000.0,,,Yes
40.0,5.0,,0,2,7756.0,1985,1000000000.0,manufacturing director  -  research & development,,Yes
10.0,8.0,,7,7,3936.0,1986,1000000000.0,research scientist  -  research & development,,No
30.0,5.0,,1,0,,1984,1000000000.0,,,Yes
30.0,5.0,,0,4,6842.0,1987,1000000000.0,healthcare representative  -  research & development,,Yes
30.0,5.0,,1,2,3989.0,2000,1000000000.0,,,Yes
40.0,5.0,,1,4,4930.0,1988,1000000000.0,,,Yes
20.0,5.0,,1,4,,1992,1000000000.0,,,Yes
30.0,5.0,,0,4,3702.0,1985,1000000000.0,laboratory technician  -  research & development,,Yes
40.0,5.0,,0,3,2705.0,1988,1000000000.0,,,Yes
30.0,7.0,,7,7,4448.0,1983,1000000000.0,,,Yes
20.0,5.0,,0,2,2379.0,1996,1000000000.0,laboratory technician  -  research & development,,Yes
30.0,5.0,,1,4,,1982,1000000000.0,,,Yes
20.0,10.0,,0,9,5487.0,1990,1000000000.0,,,No
30.0,5.0,,4,3,,1974,1000000000.0,,,No
30.0,5.0,,0,2,2810.0,1987,1000000000.0,,,Yes
30.0,5.0,,0,4,8938.0,1982,1000000000.0,,,No
10.0,5.0,,0,4,,1994,1000000000.0,,,Yes
30.0,9.0,,1,7,9936.0,1992,1000000000.0,,,Yes
,5.0,,0,3,,1987,1000000000.0,,,No
20.0,5.0,,1,4,,1980,1000000000.0,,,No
30.0,5.0,,1,3,,1990,1000000000.0,,,No
20.0,4.0,,1,3,5454.0,1979,1000000000.0,sales executive  -  sales,,No
30.0,10.0,,9,9,,1985,1000000000.0,,,Yes
20.0,27.0,,13,8,18740.0,1973,1000000000.0,,,No
20.0,4.0,,1,3,5473.0,1964,1000000000.0,,,No
20.0,22.0,,11,11,13503.0,1983,1000000000.0,,,No
10.0,4.0,,0,3,13549.0,1969,1000000000.0,,,No
20.0,8.0,,0,7,18172.0,1973,1000000000.0,,,Yes
30.0,5.0,,4,4,,1969,1000000000.0,,,Yes
30.0,5.0,,1,2,2774.0,1999,1000000000.0,,,Yes
30.0,5.0,,1,3,,1986,1000000000.0,,,Yes
30.0,5.0,,1,2,,1993,1000000000.0,,,Yes
30.0,4.0,,1,2,,1989,1000000000.0,,,No
10.0,5.0,,1,4,9439.0,1966,1000000000.0,healthcare representative  -  research & development,,Yes
40.0,8.0,,0,7,,1985,1000000000.0,,,No
20.0,4.0,,0,2,,1982,1000000000.0,,,Yes
30.0,5.0,,0,2,5265.0,1981,1000000000.0,,,No
40.0,5.0,,2,0,3815.0,1989,1000000000.0,,,Yes
20.0,6.0,,0,1,,1993,1000000000.0,,,Yes
,4.0,,0,1,2389.0,1994,1000000000.0,,,Yes
30.0,4.0,,1,2,,1991,1000000000.0,,,No
30.0,6.0,,1,5,4000.0,1998,1000000000.0,,,Yes
20.0,5.0,,1,3,17584.0,1970,1000000000.0,,,Yes
30.0,5.0,,3,3,,1997,1000000000.0,healthcare representative  -  research & development,,Yes
30.0,5.0,,0,2,,1995,1000000000.0,,,Yes
30.0,8.0,,0,7,5661.0,1995,1000000000.0,,,Yes
30.0,5.0,,1,2,,1965,1000000000.0,healthcare representative  -  research & development,,Yes
,4.0,,1,2,,1996,1000000000.0,,,Yes
20.0,4.0,,0,3,4869.0,1969,1000000000.0,,,No
20.0,4.0,,0,2,,1983,1000000000.0,,,Yes
20.0,4.0,,0,2,4649.0,1994,1000000000.0,,,Yes
30.0,4.0,,1,3,10496.0,1973,1000000000.0,,,No
30.0,5.0,,1,4,,1999,1000000000.0,,,Yes
10.0,5.0,,1,4,,1993,1000000000.0,laboratory technician  -  research & development,,No
30.0,7.0,,5,7,2768.0,1989,1000000000.0,,,Yes
30.0,4.0,,1,3,3408.0,1990,1000000000.0,,,No
20.0,10.0,,9,7,,1987,1000000000.0,,,Yes
30.0,14.0,,1,10,,1982,1000000000.0,sales executive  -  sales,,Yes
30.0,8.0,,0,7,3755.0,1984,1000000000.0,,,Yes
40.0,5.0,,1,4,,1997,1000000000.0,,,Yes
30.0,6.0,,1,2,,1999,1000000000.0,laboratory technician  -  research & development,,Yes
20.0,5.0,,0,3,2187.0,1996,1000000000.0,research scientist  -  research & development,,Yes
30.0,4.0,,0,2,,1996,1000000000.0,,,Yes
30.0,4.0,,1,3,,1973,1000000000.0,sales executive  -  sales,,No
40.0,4.0,,0,2,,2000,1000000000.0,,,Yes
10.0,8.0,,3,6,,1984,1000000000.0,,,No
30.0,4.0,,1,2,4258.0,1971,1000000000.0,,,Yes
20.0,4.0,,1,2,5326.0,1997,1000000000.0,,,Yes
30.0,5.0,,1,4,5485.0,1969,1000000000.0,,,Yes
20.0,5.0,,4,3,2782.0,1986,1000000000.0,,,No
30.0,4.0,,0,3,17639.0,1973,1000000000.0,research director  -  research & development,,No
30.0,4.0,,0,2,6062.0,1981,1000000000.0,,,No
20.0,4.0,,1,2,6288.0,1985,1000000000.0,healthcare representative  -  research & development,,No
20.0,4.0,,0,1,3424.0,1998,1000000000.0,,,No
20.0,5.0,,1,3,,1991,1000000000.0,,,Yes
30.0,5.0,,0,3,4194.0,1998,1000000000.0,,,Yes
20.0,5.0,,1,3,,1981,1000000000.0,,,Yes
40.0,4.0,,0,3,,1990,1000000000.0,,,No
30.0,4.0,,0,3,2532.0,1994,1000000000.0,,,No
30.0,5.0,,1,3,5666.0,1985,1000000000.0,,,Yes
30.0,5.0,,0,2,,1978,1000000000.0,laboratory technician  -  research & development,,No
30.0,4.0,,0,3,,1992,1000000000.0,,,No
20.0,4.0,,1,1,,2001,1000000000.0,laboratory technician  -  research & development,,Yes
30.0,5.0,,4,3,13726.0,1964,1000000000.0,,,No
40.0,9.0,,1,1,,1978,1000000000.0,manager  -  sales,,No
30.0,6.0,,0,4,,1978,1000000000.0,,,Yes
20.0,4.0,,0,1,4107.0,1986,1000000000.0,,,Yes
30.0,5.0,,1,3,,1997,1000000000.0,,,No
30.0,5.0,,1,3,,1997,1000000000.0,,,Yes
10.0,5.0,,0,4,,1995,1000000000.0,,,Yes
30.0,4.0,,1,2,3597.0,1999,1000000000.0,,,No
30.0,10.0,,1,4,,1993,1000000000.0,,,No
20.0,4.0,,1,3,,1980,1000000000.0,,,Yes
30.0,4.0,,0,3,4115.0,1993,1000000000.0,,,No
20.0,6.0,,1,4,,1977,1000000000.0,,,Yes
40.0,4.0,,0,3,6272.0,1981,1000000000.0,human resources  -  human resources,,Yes
30.0,4.0,,1,1,,1998,1000000000.0,,,No
,5.0,,0,3,2517.0,1996,1000000000.0,,,Yes
30.0,7.0,,7,7,,1967,1000000000.0,,,No
30.0,9.0,,1,7,,1982,1000000000.0,sales executive  -  sales,,Yes
30.0,5.0,,0,4,,1995,1000000000.0,,,Yes
20.0,5.0,,0,2,,1971,1000000000.0,,,Yes
30.0,4.0,,1,1,3904.0,1997,1000000000.0,,,Yes
,4.0,3.0,1,3,,1974,1000000000.0,,,Yes
30.0,4.0,,1,3,,1989,1000000000.0,,,Yes
,4.0,,0,3,9204.0,1991,1000000000.0,,,Yes
30.0,4.0,,0,3,4373.0,1990,1000000000.0,,,No
10.0,5.0,,0,0,,1994,1000000000.0,sales executive  -  sales,,No
40.0,5.0,,1,3,2064.0,1993,1000000000.0,,,No
30.0,4.0,,1,2,,2000,1000000000.0,laboratory technician  -  research & development,,No
30.0,5.0,,0,2,,1990,1000000000.0,,,Yes
30.0,5.0,,4,2,2430.0,1988,1000000000.0,,,Yes
30.0,6.0,,1,2,,1985,1000000000.0,,,Yes
20.0,5.0,,0,0,4877.0,1995,1000000000.0,,,Yes
20.0,4.0,3.0,0,2,,1986,1000000000.0,,,No
30.0,6.0,,1,3,3760.0,1999,1000000000.0,research scientist  -  research & development,,No
30.0,4.0,,1,3,2013.0,1987,1000000000.0,,,Yes
30.0,4.0,,3,3,,1985,1000000000.0,,,No
30.0,4.0,,1,2,,1970,1000000000.0,,,No
20.0,6.0,,1,3,,1986,1000000000.0,,,Yes
30.0,5.0,,0,4,,1999,1000000000.0,research scientist  -  research & development,,Yes
30.0,5.0,,1,2,2974.0,1994,1000000000.0,,,No
10.0,4.0,,0,2,,1991,1000000000.0,,,No
20.0,5.0,,0,4,2766.0,1981,1000000000.0,,,Yes
30.0,5.0,,0,4,,1982,1000000000.0,,,Yes
20.0,5.0,,2,3,,1979,1000000000.0,,,Yes
40.0,5.0,,0,3,,1995,1000000000.0,,,Yes
30.0,4.0,,2,2,,1984,1000000000.0,research director  -  research & development,,Yes
20.0,4.0,,0,2,3377.0,1983,1000000000.0,,,Yes
,10.0,,0,8,4213.0,1986,1000000000.0,,,Yes
30.0,5.0,,0,3,6513.0,1983,1000000000.0,,,Yes
30.0,5.0,,1,2,,1997,1000000000.0,sales executive  -  sales,,No
20.0,6.0,,3,3,,1981,1000000000.0,,,No
30.0,5.0,,1,0,,1989,1000000000.0,,,Yes
30.0,5.0,,0,4,4284.0,1986,1000000000.0,,,Yes
20.0,5.0,,1,2,2226.0,1996,1000000000.0,,,No
10.0,5.0,,0,4,5561.0,1988,1000000000.0,,,Yes
20.0,5.0,,1,4,2144.0,1995,1000000000.0,,,Yes
20.0,5.0,,0,2,5373.0,1994,1000000000.0,,,No
20.0,4.0,,2,3,2897.0,1969,1000000000.0,research scientist  -  research & development,,No
20.0,4.0,,1,2,,1999,1000000000.0,,,Yes
30.0,8.0,,7,7,5321.0,1985,1000000000.0,,,No
20.0,4.0,,1,2,5410.0,1981,1000000000.0,,,Yes
30.0,5.0,,1,0,2782.0,1982,1000000000.0,,,Yes
20.0,5.0,,0,4,,1998,1000000000.0,,,Yes
30.0,4.0,,1,2,,1979,1000000000.0,,,Yes
,6.0,,0,1,,1973,1000000000.0,,,Yes
20.0,6.0,,0,0,,1987,1000000000.0,sales executive  -  sales,,No
30.0,5.0,,0,1,4850.0,1978,1000000000.0,,,Yes
30.0,5.0,,0,2,2001.0,1983,1000000000.0,,,Yes
30.0,4.0,,1,1,,1988,1000000000.0,,,Yes
30.0,4.0,,0,3,,1994,1000000000.0,,,No
40.0,4.0,,1,2,4404.0,1989,1000000000.0,,,Yes
30.0,2.0,,2,2,,1996,1000000000.0,,,No
20.0,5.0,,4,3,,1992,1000000000.0,research scientist  -  research & development,,Yes
30.0,2.0,,1,2,,1989,1000000000.0,,,Yes
30.0,4.0,,0,3,,1995,1000000000.0,laboratory technician  -  research & development,,Yes
20.0,6.0,,0,5,,1991,1000000000.0,,,Yes
30.0,3.0,,1,2,3944.0,1985,1000000000.0,research scientist  -  research & development,,Yes
20.0,4.0,,1,3,,1999,1000000000.0,,,Yes
30.0,4.0,,1,3,2960.0,1989,1000000000.0,,,Yes
30.0,10.0,,6,7,,1991,1000000000.0,research scientist  -  research & development,,No
20.0,2.0,,2,1,18947.0,1977,1000000000.0,,,No
40.0,4.0,,1,3,6465.0,1979,1000000000.0,,,No
30.0,3.0,,0,2,2683.0,1973,1000000000.0,,,Yes
30.0,2.0,,2,2,2014.0,1988,1000000000.0,,,Yes
20.0,2.0,,2,2,3441.0,1995,1000000000.0,,,Yes
20.0,2.0,,0,0,,1997,1000000000.0,,,No
30.0,2.0,,2,2,,1988,1000000000.0,,,No
20.0,3.0,,1,2,,1988,1000000000.0,,,Yes
40.0,5.0,,0,2,13664.0,1986,1000000000.0,,,Yes
30.0,4.0,,0,2,5021.0,1977,1000000000.0,,,Yes
30.0,5.0,,1,3,,1989,1000000000.0,,,Yes
30.0,4.0,,0,3,,1972,1000000000.0,,,Yes
20.0,3.0,,0,2,,1999,1000000000.0,sales executive  -  sales,,Yes
40.0,3.0,,1,2,,1979,1000000000.0,,,Yes
30.0,3.0,,0,2,,1986,1000000000.0,,,Yes
30.0,3.0,,2,2,18844.0,1964,1000000000.0,,,No
,2.0,,2,1,,1998,1000000000.0,,,Yes
30.0,3.0,,1,2,4739.0,1980,1000000000.0,,,Yes
,2.0,,2,1,,1973,1000000000.0,,,No
30.0,2.0,,2,2,,1992,1000000000.0,,,Yes
30.0,3.0,,0,1,,1987,1000000000.0,manufacturing director  -  research & development,,No
30.0,4.0,,0,3,10650.0,1972,1000000000.0,,,No
30.0,2.0,,2,2,,1998,1000000000.0,sales executive  -  sales,,No
,3.0,,2,2,4317.0,1985,1000000000.0,,,No
30.0,3.0,,2,2,,1993,1000000000.0,research scientist  -  research & development,,Yes
30.0,2.0,,2,2,,2001,1000000000.0,,,Yes
10.0,2.0,,2,2,2024.0,1996,1000000000.0,research scientist  -  research & development,,Yes
10.0,5.0,,0,2,,1995,1000000000.0,research scientist  -  research & development,,Yes
20.0,5.0,,1,1,3058.0,1996,1000000000.0,,,Yes
,2.0,,2,2,,1967,1000000000.0,,,Yes
,2.0,,2,1,,1985,1000000000.0,,,Yes
30.0,4.0,,0,2,3929.0,1992,1000000000.0,,,Yes
30.0,3.0,,1,2,,1989,1000000000.0,,,Yes
20.0,3.0,,0,2,,1973,1000000000.0,laboratory technician  -  research & development,,No
30.0,4.0,2.0,1,3,,1970,1000000000.0,,,No
30.0,6.0,,1,2,4425.0,1988,1000000000.0,,,Yes
30.0,2.0,,2,0,,1996,1000000000.0,,,No
40.0,7.0,,3,7,,1983,1000000000.0,,,Yes
20.0,4.0,,2,2,2328.0,2001,1000000000.0,,,No
10.0,3.0,,0,2,,1983,1000000000.0,,,Yes
30.0,4.0,,0,3,,1977,1000000000.0,,,Yes
30.0,5.0,,0,4,2657.0,1993,1000000000.0,,,Yes
20.0,6.0,,1,5,,1994,1000000000.0,,,No
30.0,6.0,,0,5,5940.0,1969,1000000000.0,,,No
30.0,3.0,,1,1,2622.0,1990,1000000000.0,research scientist  -  research & development,,Yes
20.0,2.0,,2,2,3212.0,1971,1000000000.0,,,Yes
20.0,2.0,,2,2,,1964,1000000000.0,human resources  -  human resources,,No
10.0,3.0,,1,2,,1991,1000000000.0,,,Yes
30.0,3.0,,1,2,,1984,1000000000.0,,,No
30.0,3.0,,2,2,,1991,1000000000.0,,,Yes
30.0,2.0,,2,2,,1992,1000000000.0,,,Yes
20.0,2.0,,0,2,2911.0,1990,1000000000.0,,,Yes
30.0,3.0,,0,2,,1978,1000000000.0,,,Yes
30.0,3.0,,0,2,,1981,1000000000.0,research scientist  -  research & development,,Yes
30.0,3.0,,0,2,6931.0,1994,1000000000.0,,,No
30.0,4.0,,1,2,,1998,1000000000.0,,,No
30.0,6.0,,0,4,2176.0,1991,1000000000.0,,,No
,5.0,,0,4,,1995,1000000000.0,,,Yes
40.0,3.0,,1,0,3230.0,2002,1000000000.0,,,No
30.0,5.0,,0,2,,1986,1000000000.0,,,No
30.0,2.0,,1,2,,1985,1000000000.0,,,No
30.0,3.0,,0,2,,1997,1000000000.0,,,No
30.0,3.0,,1,2,18665.0,1974,1000000000.0,,,Yes
20.0,2.0,,2,2,2789.0,1992,1000000000.0,sales representative  -  sales,,Yes
20.0,4.0,,1,2,,1986,1000000000.0,,,No
30.0,5.0,,0,3,,1992,1000000000.0,research scientist  -  research & development,,Yes
30.0,2.0,,1,0,6410.0,1992,1000000000.0,,,No
10.0,2.0,,2,2,,1992,1000000000.0,research scientist  -  research & development,,Yes
20.0,8.0,,7,7,4941.0,1971,1000000000.0,,,No
20.0,3.0,,2,2,,1995,1000000000.0,,,Yes
30.0,3.0,,1,1,,1976,1000000000.0,,,No
,3.0,,2,2,3983.0,1994,1000000000.0,,,Yes
20.0,6.0,,0,4,6347.0,1986,1000000000.0,,,Yes
20.0,4.0,,0,2,2904.0,2000,1000000000.0,,,No
30.0,3.0,,1,0,2696.0,1981,1000000000.0,human resources  -  human resources,,No
40.0,2.0,,2,2,,1993,1000000000.0,sales executive  -  sales,,No
30.0,3.0,,1,2,2174.0,2002,1000000000.0,,,Yes
30.0,3.0,,1,2,6755.0,1966,1000000000.0,,,Yes
20.0,3.0,2.0,2,2,,2002,1000000000.0,,,Yes
30.0,2.0,,2,2,2657.0,1992,1000000000.0,,,Yes
30.0,3.0,,1,2,,1994,1000000000.0,research scientist  -  research & development,,No
30.0,5.0,,0,4,,1996,1000000000.0,,,Yes
30.0,5.0,,0,0,10965.0,1974,1000000000.0,,,Yes
30.0,2.0,,2,2,2543.0,1987,1000000000.0,,,Yes
20.0,5.0,,0,4,5304.0,1989,1000000000.0,,,Yes
40.0,5.0,,0,3,,1999,1000000000.0,,,Yes
30.0,5.0,,1,2,,1981,1000000000.0,,,Yes
20.0,4.0,,1,2,19406.0,1969,1000000000.0,,,No
30.0,3.0,,1,2,6538.0,1989,1000000000.0,,,Yes
30.0,3.0,,1,2,2258.0,1980,1000000000.0,,,Yes
30.0,5.0,,0,2,,1980,1000000000.0,,,Yes
,4.0,,3,2,2218.0,1992,1000000000.0,,,No
,2.0,,0,2,,1998,1000000000.0,,,Yes
20.0,2.0,,0,2,2654.0,1978,1000000000.0,,,Yes
10.0,5.0,,1,4,,1971,1000000000.0,,,No
20.0,2.0,,1,0,,1989,1000000000.0,,,Yes
10.0,3.0,,0,2,,1997,1000000000.0,,,Yes
30.0,10.0,,0,7,11935.0,1994,1000000000.0,,,Yes
40.0,2.0,,1,1,2546.0,1994,1000000000.0,,,No
10.0,3.0,,0,1,17861.0,1977,1000000000.0,,,No
30.0,3.0,,1,2,,1977,1000000000.0,,,No
30.0,3.0,,1,2,,1993,1000000000.0,sales representative  -  sales,,Yes
30.0,3.0,,0,2,,1989,1000000000.0,human resources  -  human resources,,No
,2.0,,2,0,,1981,1000000000.0,,,Yes
30.0,2.0,,1,2,3894.0,2001,1000000000.0,laboratory technician  -  research & development,,Yes
40.0,3.0,2.0,1,2,4262.0,1994,1000000000.0,,,Yes
20.0,2.0,,1,2,10527.0,1977,1000000000.0,healthcare representative  -  research & development,,Yes
30.0,4.0,,1,2,,1991,1000000000.0,sales executive  -  sales,,Yes
30.0,2.0,,2,1,2400.0,1999,1000000000.0,,,No
30.0,3.0,,0,2,3681.0,1988,1000000000.0,,,No
30.0,10.0,,2,2,,1981,1000000000.0,,,Yes
10.0,3.0,,0,2,,1975,1000000000.0,,,Yes
40.0,2.0,2.0,0,2,,1979,1000000000.0,,,Yes
30.0,8.0,,0,6,,1989,1000000000.0,sales representative  -  sales,,Yes
30.0,3.0,,1,2,3447.0,2002,1000000000.0,,,Yes
40.0,2.0,,0,1,19513.0,1979,1000000000.0,,,Yes
30.0,2.0,,2,2,,2001,1000000000.0,,,Yes
30.0,3.0,,0,2,2659.0,1997,1000000000.0,,,No
30.0,3.0,,0,2,8847.0,1987,1000000000.0,,,Yes
30.0,4.0,,1,1,2045.0,1996,1000000000.0,,,Yes
40.0,3.0,,0,2,,2000,1000000000.0,,,No
30.0,3.0,,1,2,4851.0,1998,1000000000.0,,,No
30.0,2.0,,2,2,8120.0,1975,1000000000.0,,,Yes
30.0,2.0,,2,0,4577.0,1999,1000000000.0,,,Yes
30.0,2.0,,2,2,5405.0,1963,1000000000.0,,,No
30.0,2.0,,2,2,,1973,1000000000.0,,,Yes
30.0,5.0,,1,4,3708.0,1979,1000000000.0,,,No
20.0,22.0,,11,13,13770.0,1976,1000000000.0,,,Yes
30.0,2.0,,2,2,,1981,1000000000.0,,,Yes
30.0,2.0,,2,2,,1980,1000000000.0,,,Yes
20.0,4.0,,2,3,,1983,1000000000.0,,,No
30.0,2.0,,2,2,2297.0,1994,1000000000.0,sales representative  -  sales,,No
30.0,2.0,,2,2,2450.0,1970,1000000000.0,,,No
30.0,2.0,,0,2,,2000,1000000000.0,research scientist  -  research & development,,No
30.0,5.0,,1,4,,1968,1000000000.0,,,No
30.0,2.0,,2,0,,1997,1000000000.0,,,Yes
30.0,4.0,,1,3,,1989,1000000000.0,,,No
30.0,4.0,,1,1,4342.0,1996,1000000000.0,,,Yes
20.0,3.0,,0,2,2572.0,1988,1000000000.0,,,Yes
30.0,2.0,,0,2,,1993,1000000000.0,,,Yes
30.0,3.0,,1,2,6500.0,1989,1000000000.0,,,Yes
30.0,5.0,,1,4,3149.0,1971,1000000000.0,laboratory technician  -  research & development,,Yes
30.0,3.0,,0,2,5324.0,1990,1000000000.0,,,No
30.0,2.0,,2,2,,1988,1000000000.0,research scientist  -  research & development,,No
20.0,2.0,,2,1,4382.0,1995,1000000000.0,,,Yes
30.0,5.0,,0,4,,1987,1000000000.0,,,Yes
30.0,5.0,,1,3,2553.0,1989,1000000000.0,research scientist  -  research & development,,Yes
10.0,3.0,,0,2,,1989,1000000000.0,,,No
20.0,5.0,,2,3,5933.0,1979,1000000000.0,,,Yes
20.0,5.0,,0,3,4403.0,1991,1000000000.0,,,Yes
30.0,5.0,,0,4,10934.0,1970,1000000000.0,,,No
10.0,2.0,,2,2,,2001,1000000000.0,,,No
20.0,3.0,,0,2,,1979,1000000000.0,,,No
20.0,10.0,,7,8,2022.0,1988,1000000000.0,,,Yes
40.0,5.0,,0,3,4256.0,1998,1000000000.0,,,No
30.0,4.0,,0,2,3580.0,1974,1000000000.0,,,No
20.0,5.0,,3,4,,1999,1000000000.0,,,No
30.0,2.0,,1,2,2899.0,1985,1000000000.0,sales representative  -  sales,,Yes
30.0,3.0,,0,2,,1994,1000000000.0,,,No
20.0,5.0,,2,2,5562.0,1980,1000000000.0,,,Yes
30.0,4.0,,0,2,,1995,1000000000.0,,,No
20.0,2.0,,0,2,,2003,1000000000.0,,,Yes
20.0,3.0,,1,2,,1976,1000000000.0,,,Yes
40.0,3.0,,0,2,,2001,1000000000.0,,,Yes
30.0,2.0,,2,2,2377.0,1995,1000000000.0,,,Yes
10.0,2.0,,2,2,2404.0,1984,1000000000.0,laboratory technician  -  research & development,,Yes
30.0,3.0,,0,2,2799.0,1990,1000000000.0,research scientist  -  research & development,,No
30.0,6.0,,0,1,,1987,1000000000.0,research scientist  -  research & development,,Yes
30.0,5.0,,1,0,,1988,1000000000.0,,,Yes
30.0,3.0,,1,2,,1992,1000000000.0,,,No
30.0,3.0,,0,2,3452.0,1990,1000000000.0,,,No
30.0,2.0,,2,2,2811.0,1996,1000000000.0,,,No
,5.0,,0,1,,1993,1000000000.0,,,Yes
30.0,4.0,,3,2,4377.0,1999,1000000000.0,,,No
10.0,4.0,,0,2,,1988,1000000000.0,laboratory technician  -  research & development,,No
30.0,3.0,,1,2,,1993,1000000000.0,,,Yes
30.0,2.0,,2,2,4240.0,1975,1000000000.0,healthcare representative  -  research & development,,Yes
30.0,2.0,,2,1,,1982,1000000000.0,,,No
,3.0,,2,2,4227.0,1996,1000000000.0,manufacturing director  -  research & development,,Yes
20.0,3.0,,1,2,3917.0,1988,1000000000.0,laboratory technician  -  research & development,,No
30.0,2.0,,2,2,4969.0,1997,1000000000.0,,,Yes
20.0,2.0,,2,2,,1990,1000000000.0,sales representative  -  sales,,No
30.0,3.0,,1,2,2042.0,1997,1000000000.0,,,Yes
30.0,2.0,,2,2,2821.0,1985,1000000000.0,,,No
30.0,2.0,,2,2,,1977,1000000000.0,,,Yes
30.0,2.0,,0,2,,2003,1000000000.0,,,Yes
20.0,6.0,,0,2,9957.0,1993,1000000000.0,,,No
,3.0,,1,2,,1996,1000000000.0,,,No
30.0,3.0,,1,2,,1968,1000000000.0,,,Yes
30.0,3.0,,1,2,,1990,1000000000.0,,,Yes
20.0,4.0,,2,2,2207.0,1995,1000000000.0,,,Yes
20.0,6.0,,0,4,7756.0,1989,1000000000.0,,,Yes
30.0,2.0,,2,2,,1990,1000000000.0,,,No
30.0,3.0,,0,2,,1990,1000000000.0,,,No
40.0,2.0,,2,2,2070.0,2002,1000000000.0,,,Yes
30.0,2.0,,2,2,2791.0,1992,1000000000.0,,,Yes
30.0,5.0,,0,2,,1988,1000000000.0,,,Yes
,3.0,,0,2,,1989,1000000000.0,,,Yes
30.0,5.0,,0,3,8224.0,1990,1000000000.0,,,No
20.0,2.0,,2,2,2610.0,1992,1000000000.0,laboratory technician  -  research & development,,Yes
30.0,6.0,,1,3,5731.0,1986,1000000000.0,,,Yes
30.0,4.0,2.0,2,2,2539.0,1996,1000000000.0,,,Yes
40.0,2.0,,2,2,2376.0,1988,1000000000.0,,,Yes
30.0,5.0,,4,2,,1967,1000000000.0,,,Yes
,3.0,,0,2,,1978,1000000000.0,research scientist  -  research & development,,Yes
20.0,2.0,,1,2,,2003,1000000000.0,,,Yes
,2.0,,2,2,,1973,1000000000.0,,,Yes
30.0,4.0,,0,3,19081.0,1977,1000000000.0,,,Yes
30.0,2.0,,2,2,2743.0,1991,1000000000.0,,,Yes
20.0,13.0,,4,12,,1988,1000000000.0,,,No
,3.0,,1,2,3760.0,1994,1000000000.0,,,Yes
10.0,2.0,,2,2,,2002,1000000000.0,,,Yes
30.0,3.0,,0,2,4538.0,1989,1000000000.0,,,Yes
20.0,4.0,,0,2,,1995,1000000000.0,,,No
30.0,3.0,,2,2,,1988,1000000000.0,,,No
30.0,2.0,,2,2,3867.0,1995,1000000000.0,,,No
20.0,3.0,,1,2,2080.0,1995,1000000000.0,,,No
20.0,2.0,,2,1,2096.0,1998,1000000000.0,research scientist  -  research & development,,No
30.0,2.0,,2,2,,1965,1000000000.0,,,Yes
30.0,5.0,,0,3,3904.0,1984,1000000000.0,,,No
30.0,9.0,,6,7,4627.0,1993,1000000000.0,,,Yes
,3.0,,1,2,,1973,1000000000.0,,,Yes
30.0,19.0,,11,9,,1982,1000000000.0,,,Yes
40.0,3.0,,2,2,2302.0,1992,1000000000.0,,,No
40.0,3.0,,1,2,,1979,1000000000.0,,,Yes
30.0,4.0,,0,0,,1983,1000000000.0,research scientist  -  research & development,,Yes
20.0,3.0,,1,2,,1998,1000000000.0,laboratory technician  -  research & development,,No
30.0,4.0,,0,3,,1983,1000000000.0,,,Yes
20.0,5.0,,0,3,,1972,1000000000.0,,,Yes
30.0,6.0,,0,0,5071.0,1996,1000000000.0,,,No
20.0,4.0,,3,2,,1988,1000000000.0,,,Yes
30.0,4.0,,0,3,,1985,1000000000.0,,,Yes
20.0,10.0,,6,7,,1992,1000000000.0,,,Yes
30.0,4.0,,3,2,10596.0,1972,1000000000.0,,,Yes
20.0,6.0,,3,3,5467.0,1982,1000000000.0,,,No
20.0,3.0,,1,2,,1991,1000000000.0,,,Yes
20.0,3.0,,1,2,,1998,1000000000.0,,,No
30.0,6.0,2.0,4,4,5769.0,1996,1000000000.0,,,Yes
30.0,8.0,,7,7,2394.0,1996,1000000000.0,,,Yes
30.0,3.0,,0,2,3629.0,1986,1000000000.0,,,Yes
30.0,2.0,,2,2,9362.0,1988,1000000000.0,,,Yes
20.0,3.0,,0,2,3229.0,1998,1000000000.0,,,Yes
30.0,3.0,,0,2,,1993,1000000000.0,,,Yes
40.0,3.0,,1,0,16422.0,1992,1000000000.0,research director  -  research & development,,Yes
20.0,3.0,,0,2,5647.0,1987,1000000000.0,,,No
30.0,3.0,,2,2,4400.0,1998,1000000000.0,,,Yes
40.0,3.0,,1,0,2066.0,1967,1000000000.0,,,Yes
,4.0,,0,3,,1982,1000000000.0,,,Yes
30.0,3.0,,0,2,,1992,1000000000.0,,,Yes
10.0,2.0,2.0,2,2,,1992,1000000000.0,laboratory technician  -  research & development,,Yes
30.0,2.0,,2,2,5486.0,1975,1000000000.0,sales executive  -  sales,,No
30.0,2.0,,2,2,,1989,1000000000.0,,,No
30.0,5.0,,0,3,3162.0,1979,1000000000.0,,,No
20.0,3.0,,1,2,6651.0,1974,1000000000.0,healthcare representative  -  research & development,,Yes
20.0,5.0,,1,3,3420.0,1979,1000000000.0,,,No
40.0,3.0,,1,2,2909.0,1995,1000000000.0,,,No
20.0,2.0,,2,2,,1979,1000000000.0,manufacturing director  -  research & development,,Yes
30.0,3.0,,1,2,,1968,1000000000.0,,,Yes
30.0,4.0,,1,3,4898.0,1995,1000000000.0,,,Yes
30.0,3.0,,1,2,,1974,1000000000.0,,,Yes
30.0,3.0,,0,2,3180.0,1994,1000000000.0,,,No
40.0,5.0,,0,0,11244.0,1991,1000000000.0,,,Yes
,7.0,,7,7,,1992,1000000000.0,,,Yes
30.0,2.0,,2,2,4069.0,1983,1000000000.0,,,No
20.0,3.0,,1,2,,1987,1000000000.0,,,No
10.0,2.0,,2,2,6392.0,1990,1000000000.0,,,No
30.0,4.0,,1,3,,1993,1000000000.0,sales executive  -  sales,,Yes
30.0,5.0,,1,4,4855.0,1985,1000000000.0,,,No
20.0,8.0,,7,6,,1975,1000000000.0,research scientist  -  research & development,,Yes
20.0,2.0,,2,1,,1989,1000000000.0,research scientist  -  research & development,,Yes
40.0,3.0,,1,2,,1985,1000000000.0,,,No
30.0,5.0,,0,4,,1988,1000000000.0,,,Yes
30.0,2.0,,2,2,,2000,1000000000.0,,,Yes
30.0,3.0,,0,2,,1987,1000000000.0,,,No
20.0,8.0,,7,7,,1989,1000000000.0,,,No
20.0,4.0,,1,3,,2001,1000000000.0,,,Yes
30.0,3.0,,0,2,3312.0,1991,1000000000.0,,,Yes
30.0,5.0,,0,3,,1992,1000000000.0,,,No
30.0,3.0,,1,1,,1987,1000000000.0,,,Yes
,2.0,,2,2,3117.0,2002,1000000000.0,,,No
30.0,5.0,,1,0,,1976,1000000000.0,,,No
10.0,9.0,,3,8,,1984,1000000000.0,,,Yes
20.0,4.0,,3,3,,1983,1000000000.0,,,Yes
30.0,2.0,,2,2,15202.0,1975,1000000000.0,,,Yes
20.0,2.0,,2,2,,1988,1000000000.0,,,No
30.0,3.0,,0,2,,1996,1000000000.0,research scientist  -  research & development,,No
20.0,4.0,,1,2,2580.0,1996,1000000000.0,,,Yes
10.0,4.0,,0,3,2166.0,1983,1000000000.0,,,Yes
30.0,5.0,,1,4,,1994,1000000000.0,,,Yes
30.0,3.0,,0,2,,1987,1000000000.0,,,Yes
30.0,4.0,,1,2,,1974,1000000000.0,,,Yes
30.0,2.0,,2,2,,2003,1000000000.0,,,Yes
30.0,3.0,,1,2,4374.0,1987,1000000000.0,manufacturing director  -  research & development,,Yes
30.0,6.0,,0,4,5505.0,1990,1000000000.0,,,Yes
20.0,2.0,,2,2,2587.0,1974,1000000000.0,,,Yes
30.0,3.0,,1,2,15972.0,1976,1000000000.0,,,Yes
30.0,2.0,,0,2,,2003,1000000000.0,,,Yes
20.0,3.0,,0,2,,1987,1000000000.0,,,No
30.0,2.0,,2,2,,1979,1000000000.0,human resources  -  human resources,,No
30.0,4.0,,1,2,,1968,1000000000.0,,,Yes
30.0,3.0,,0,2,,2000,1000000000.0,,,No
40.0,3.0,,0,2,2305.0,1997,1000000000.0,,,Yes
20.0,5.0,,1,3,3433.0,1991,1000000000.0,,,Yes
40.0,5.0,,0,3,3477.0,1992,1000000000.0,,,No
30.0,3.0,,1,2,,1982,1000000000.0,human resources  -  human resources,,No
40.0,6.0,,1,2,3907.0,1999,1000000000.0,,,Yes
30.0,2.0,,2,2,,1987,1000000000.0,,,Yes
10.0,3.0,2.0,1,2,,2000,1000000000.0,,,No
30.0,2.0,,2,1,,1999,1000000000.0,,,No
20.0,4.0,,1,2,,1993,1000000000.0,,,No
30.0,5.0,,0,2,,1992,1000000000.0,,,Yes
20.0,6.0,,1,4,3445.0,1996,1000000000.0,,,No
30.0,2.0,,2,2,2760.0,1994,1000000000.0,,,Yes
40.0,3.0,,0,2,6294.0,1994,1000000000.0,,,No
20.0,3.0,,0,2,,1970,1000000000.0,,,Yes
30.0,2.0,,2,2,,1989,1000000000.0,,,Yes
30.0,2.0,2.0,2,2,13116.0,1972,1000000000.0,,,Yes
30.0,5.0,,0,3,,1986,1000000000.0,sales executive  -  sales,,No
30.0,2.0,,2,2,,1977,1000000000.0,,,No
20.0,3.0,,1,2,,1980,1000000000.0,research scientist  -  research & development,,Yes
10.0,3.0,,1,2,,1982,1000000000.0,,,No
30.0,3.0,,2,2,,1992,1000000000.0,,,No
30.0,3.0,,1,2,3591.0,1995,1000000000.0,,,No
20.0,4.0,,0,3,5405.0,1985,1000000000.0,sales representative  -  sales,,Yes
30.0,2.0,,2,2,,1965,1000000000.0,research director  -  research & development,,Yes
30.0,2.0,,2,0,,1994,1000000000.0,,,No
30.0,2.0,,2,0,2105.0,1976,1000000000.0,,,No
30.0,3.0,,2,2,,1995,1000000000.0,,,Yes
20.0,2.0,,2,2,,1991,1000000000.0,sales executive  -  sales,,Yes
30.0,2.0,,2,2,3902.0,1984,1000000000.0,,,Yes
40.0,5.0,,0,4,2662.0,1968,1000000000.0,,,No
30.0,3.0,,1,2,2062.0,1994,1000000000.0,,,Yes
30.0,3.0,,0,2,,1988,1000000000.0,,,No
30.0,5.0,,3,0,,1989,1000000000.0,,,Yes
30.0,4.0,,1,0,2587.0,1967,1000000000.0,,,Yes
10.0,4.0,,1,3,5507.0,1987,1000000000.0,,,Yes
30.0,5.0,,1,4,,1992,1000000000.0,,,No
20.0,4.0,,0,1,8103.0,1989,1000000000.0,,,Yes
20.0,2.0,,2,2,3978.0,1992,1000000000.0,,,No
30.0,4.0,,0,3,5399.0,1978,1000000000.0,,,Yes
30.0,3.0,,1,2,,1984,1000000000.0,,,No
40.0,5.0,,0,3,,1985,1000000000.0,,,No
,4.0,,2,3,,1992,1000000000.0,,,Yes
20.0,2.0,,2,2,10448.0,1970,1000000000.0,,,Yes
30.0,6.0,,1,2,,1985,1000000000.0,human resources  -  human resources,,No
30.0,5.0,,1,4,4440.0,1969,1000000000.0,,,No
40.0,5.0,,1,4,,2000,1000000000.0,,,Yes
20.0,2.0,,0,2,,1998,1000000000.0,,,Yes
30.0,2.0,,1,2,,1992,1000000000.0,,,Yes
30.0,2.0,,2,2,2660.0,1988,1000000000.0,,,Yes
40.0,3.0,,1,2,3375.0,2001,1000000000.0,research scientist  -  research & development,,Yes
30.0,6.0,,4,1,,1991,1000000000.0,,,No
30.0,2.0,,2,2,2269.0,1991,1000000000.0,,,Yes
30.0,2.0,,1,2,,2002,1000000000.0,sales representative  -  sales,,Yes
30.0,4.0,,0,2,,1987,1000000000.0,,,Yes
40.0,2.0,,2,2,4787.0,1994,1000000000.0,,,Yes
30.0,4.0,,1,2,,1991,1000000000.0,,,Yes
30.0,2.0,,2,2,2809.0,1983,1000000000.0,,,Yes
40.0,10.0,,0,2,,1988,1000000000.0,,,No
30.0,3.0,,2,0,10854.0,1973,1000000000.0,sales executive  -  sales,,Yes
30.0,4.0,,0,0,,1997,1000000000.0,,,Yes
30.0,5.0,,0,3,2571.0,1987,1000000000.0,,,No
30.0,6.0,,0,3,6142.0,1996,1000000000.0,,,No
30.0,1.0,1.0,0,0,2496.0,1990,1000000000.0,,,No
40.0,1.0,,0,0,3419.0,1987,1000000000.0,,,Yes
30.0,1.0,,1,0,2501.0,1992,1000000000.0,research scientist  -  research & development,,Yes
30.0,2.0,,2,1,,2001,1000000000.0,laboratory technician  -  research & development,,Yes
20.0,1.0,,0,1,2566.0,1996,1000000000.0,,,Yes
,3.0,,0,2,,1990,1000000000.0,,,Yes
30.0,8.0,,1,7,,1987,1000000000.0,,,Yes
20.0,3.0,,0,2,3920.0,1986,1000000000.0,,,Yes
10.0,5.0,,0,3,,1991,1000000000.0,,,Yes
30.0,4.0,,1,2,,1972,1000000000.0,,,Yes
30.0,7.0,,0,7,13964.0,1974,1000000000.0,,,Yes
30.0,1.0,,0,0,6540.0,1988,1000000000.0,,,Yes
30.0,2.0,,1,2,2244.0,2001,1000000000.0,,,No
30.0,6.0,1.0,0,5,16184.0,1990,1000000000.0,,,No
10.0,3.0,,1,2,4233.0,1992,1000000000.0,sales executive  -  sales,,No
30.0,1.0,,0,0,,1978,1000000000.0,,,Yes
30.0,5.0,,1,3,14814.0,1970,1000000000.0,,,Yes
30.0,5.0,,4,3,,1989,1000000000.0,,,Yes
30.0,4.0,,1,0,17159.0,1980,1000000000.0,,,No
30.0,5.0,,0,4,,1995,1000000000.0,,,Yes
30.0,2.0,,2,2,,1981,1000000000.0,research scientist  -  research & development,,Yes
30.0,1.0,,0,0,2318.0,1996,1000000000.0,,,Yes
,1.0,,0,0,3617.0,1983,1000000000.0,,,Yes
10.0,14.0,,11,7,,1986,1000000000.0,,,Yes
30.0,3.0,,0,2,,1994,1000000000.0,,,No
20.0,2.0,,0,2,2684.0,1985,1000000000.0,research scientist  -  research & development,,No
20.0,15.0,,0,9,,1989,1000000000.0,,,Yes
30.0,1.0,,0,0,,1989,1000000000.0,,,No
20.0,8.0,,7,7,19237.0,1973,1000000000.0,,,No
20.0,1.0,,0,0,2377.0,1997,1000000000.0,,,No
30.0,3.0,,0,2,,1995,1000000000.0,research scientist  -  research & development,,No
20.0,1.0,,0,0,,1995,1000000000.0,,,Yes
10.0,1.0,,0,0,4422.0,1983,1000000000.0,,,Yes
30.0,1.0,,0,0,2552.0,2004,1000000000.0,,,No
30.0,2.0,,2,2,2678.0,2003,1000000000.0,,,Yes
40.0,5.0,,1,3,,1983,1000000000.0,,,No
40.0,1.0,1.0,0,0,,2004,1000000000.0,,,Yes
30.0,6.0,,0,5,5171.0,1964,1000000000.0,,,No
30.0,9.0,,0,8,11916.0,1993,1000000000.0,manager  -  research & development,,No
40.0,3.0,,1,2,9380.0,1978,1000000000.0,,,Yes
40.0,3.0,,1,2,,1983,1000000000.0,,,No
20.0,2.0,,2,2,,1993,1000000000.0,,,No
30.0,1.0,,0,0,,1999,1000000000.0,laboratory technician  -  research & development,,No
30.0,7.0,,2,5,5878.0,1991,1000000000.0,,,Yes
30.0,1.0,,0,0,,1995,1000000000.0,,,No
40.0,5.0,,0,4,,1974,1000000000.0,sales executive  -  sales,,Yes
20.0,6.0,,0,5,2468.0,1985,1000000000.0,laboratory technician  -  research & development,,No
30.0,2.0,,2,2,,1977,1000000000.0,,,Yes
20.0,7.0,,0,7,,1989,1000000000.0,,,No
30.0,2.0,,2,2,4127.0,1984,1000000000.0,,,No
30.0,5.0,,1,4,2148.0,1997,1000000000.0,human resources  -  human resources,,Yes
20.0,7.0,,1,7,,1969,1000000000.0,,,No
20.0,10.0,,0,8,3886.0,1987,1000000000.0,,,Yes
30.0,4.0,,0,3,,1991,1000000000.0,research scientist  -  research & development,,No
30.0,5.0,,1,2,6667.0,1991,1000000000.0,,,Yes
20.0,4.0,,0,3,,1995,1000000000.0,laboratory technician  -  research & development,,Yes
20.0,1.0,,0,0,,1990,1000000000.0,,,No
30.0,0.0,,0,0,2090.0,1986,1000000000.0,,,Yes
20.0,1.0,,0,0,,1964,1000000000.0,,,Yes
30.0,1.0,,0,0,,1993,1000000000.0,,,Yes
20.0,1.0,,0,0,,2001,1000000000.0,,,No
30.0,0.0,,0,0,,2002,1000000000.0,,,Yes
30.0,10.0,,1,8,,1993,1000000000.0,,,No
40.0,1.0,,0,0,2086.0,1984,1000000000.0,,,Yes
,2.0,,2,0,,1999,1000000000.0,,,No
30.0,1.0,,0,0,1951.0,1988,1000000000.0,laboratory technician  -  research & development,,Yes
30.0,1.0,,0,0,,1996,1000000000.0,,,No
20.0,1.0,,0,1,,1997,1000000000.0,,,No
30.0,1.0,,0,0,3022.0,1986,1000000000.0,research scientist  -  research & development,,No
30.0,1.0,,0,1,,1988,1000000000.0,,,Yes
30.0,1.0,,0,0,,1975,1000000000.0,,,No
30.0,4.0,,2,3,,1988,1000000000.0,,,Yes
30.0,5.0,,0,2,,1968,1000000000.0,,,Yes
30.0,1.0,,0,0,9724.0,1978,1000000000.0,,,Yes
20.0,1.0,,0,0,3388.0,1987,1000000000.0,,,Yes
30.0,1.0,,0,0,3038.0,1987,1000000000.0,laboratory technician  -  research & development,,Yes
40.0,0.0,,0,0,,1978,1000000000.0,research director  -  research & development,,No
30.0,1.0,,1,0,,1968,1000000000.0,,,Yes
30.0,0.0,,0,0,2322.0,2000,1000000000.0,,,No
30.0,1.0,,0,0,,1991,1000000000.0,,,Yes
30.0,1.0,,1,0,2926.0,2003,1000000000.0,laboratory technician  -  research & development,,No
40.0,1.0,,0,0,,1986,1000000000.0,,,No
30.0,0.0,,0,0,,2001,1000000000.0,laboratory technician  -  research & development,,No
30.0,1.0,,0,0,4505.0,1989,1000000000.0,,,Yes
30.0,1.0,,0,0,2835.0,1987,1000000000.0,,,No
20.0,0.0,,0,0,,2004,1000000000.0,sales representative  -  sales,,Yes
30.0,5.0,,1,4,,1982,1000000000.0,,,Yes
30.0,1.0,,0,0,,2004,1000000000.0,,,No
30.0,1.0,,0,0,,1972,1000000000.0,,,Yes
20.0,1.0,,0,0,,1965,1000000000.0,,,No
,0.0,,0,0,,2004,1000000000.0,,,Yes
20.0,1.0,,1,0,,2004,1000000000.0,,,Yes
30.0,1.0,,0,1,,1988,1000000000.0,,,Yes
30.0,1.0,,0,0,6553.0,1985,1000000000.0,,,No
30.0,1.0,,0,0,6673.0,1985,1000000000.0,,,No
30.0,1.0,,0,0,13591.0,1982,1000000000.0,manager  -  sales,,No
30.0,1.0,,0,0,2177.0,1964,1000000000.0,,,Yes
20.0,7.0,,0,6,19517.0,1973,1000000000.0,,,No
20.0,1.0,,0,0,,1982,1000000000.0,research scientist  -  research & development,,Yes
30.0,24.0,,1,7,19202.0,1978,1000000000.0,,,No
30.0,1.0,,0,0,10048.0,1986,1000000000.0,,,Yes
20.0,1.0,,0,0,2723.0,1972,1000000000.0,,,Yes
10.0,0.0,,0,0,,1995,1000000000.0,,,No
,0.0,,0,0,6644.0,1994,1000000000.0,,,Yes
30.0,9.0,,7,8,,1992,1000000000.0,healthcare representative  -  research & development,,Yes
30.0,8.0,,7,7,5605.0,1985,1000000000.0,,,No
10.0,1.0,,0,0,3161.0,1979,1000000000.0,,,Yes
30.0,8.0,,7,7,,1987,1000000000.0,,,Yes
30.0,0.0,,0,0,1420.0,2005,1000000000.0,laboratory technician  -  research & development,,Yes
30.0,1.0,,0,0,,1987,1000000000.0,,,Yes
30.0,0.0,,0,0,1200.0,2005,1000000000.0,,,No
20.0,1.0,,0,0,5238.0,1984,1000000000.0,,,Yes
20.0,1.0,,0,0,9985.0,1980,1000000000.0,healthcare representative  -  research & development,,Yes
30.0,0.0,,0,0,,1976,1000000000.0,,,No
30.0,1.0,,0,0,15992.0,1981,1000000000.0,,,No
30.0,8.0,,0,7,2370.0,1991,1000000000.0,,,Yes
10.0,0.0,,0,0,,1975,1000000000.0,,,Yes
30.0,1.0,,0,0,6781.0,1981,1000000000.0,healthcare representative  -  research & development,,No
30.0,1.0,,0,0,6653.0,1987,1000000000.0,,,Yes
30.0,1.0,,0,0,2851.0,1990,1000000000.0,,,No
40.0,1.0,,0,0,5258.0,1977,1000000000.0,manufacturing director  -  research & development,,Yes
30.0,1.0,,0,0,,2002,1000000000.0,sales representative  -  sales,,No
30.0,1.0,,0,0,2476.0,1993,1000000000.0,,,Yes
30.0,1.0,,0,0,2285.0,1993,1000000000.0,,,No
20.0,1.0,,0,1,4197.0,1986,1000000000.0,,,Yes
30.0,1.0,,0,0,3448.0,1983,1000000000.0,,,Yes
,10.0,,1,8,4558.0,1995,1000000000.0,,,No
30.0,1.0,,0,0,1702.0,1985,1000000000.0,,,No
40.0,1.0,,0,0,2564.0,2004,1000000000.0,,,Yes
20.0,1.0,,0,0,,1966,1000000000.0,,,Yes
30.0,5.0,,0,4,5070.0,1976,1000000000.0,,,Yes
30.0,1.0,,0,0,3780.0,1969,1000000000.0,,,No
30.0,1.0,,0,0,9824.0,1992,1000000000.0,,,Yes
30.0,0.0,,0,0,1878.0,2005,1000000000.0,,,No
30.0,1.0,,0,1,,1983,1000000000.0,,,Yes
30.0,0.0,,0,0,,1997,1000000000.0,,,Yes
10.0,1.0,,0,0,2340.0,1997,1000000000.0,laboratory technician  -  research & development,,Yes
,1.0,,0,0,,1985,1000000000.0,,,Yes
30.0,1.0,,0,0,2127.0,1999,1000000000.0,,,Yes
40.0,1.0,,0,0,2033.0,1993,1000000000.0,,,Yes
20.0,3.0,,1,0,9602.0,1986,1000000000.0,,,No
40.0,1.0,,0,0,,2003,1000000000.0,research scientist  -  research & development,,Yes
,1.0,,0,0,16627.0,1980,1000000000.0,,,No
20.0,0.0,,0,0,,1985,1000000000.0,,,Yes
30.0,5.0,,1,2,,1990,1000000000.0,sales executive  -  sales,,No
,1.0,,0,0,2083.0,1993,1000000000.0,,,No
20.0,6.0,,1,2,,1994,1000000000.0,sales executive  -  sales,,No
30.0,1.0,,1,1,1009.0,2003,1000000000.0,,,Yes
30.0,1.0,,0,0,,1988,1000000000.0,,,No
,1.0,,0,0,,1986,1000000000.0,,,Yes
,1.0,,0,0,7861.0,1985,1000000000.0,,,Yes
,1.0,,0,0,2642.0,1994,1000000000.0,,,No
40.0,1.0,,0,0,,1988,1000000000.0,,,Yes
10.0,1.0,,0,1,,1985,1000000000.0,,,Yes
,0.0,,0,0,5121.0,1989,1000000000.0,,,Yes
30.0,0.0,,0,0,,2000,1000000000.0,,,No
30.0,1.0,,0,0,2694.0,1999,1000000000.0,,,No
30.0,1.0,,0,0,,1994,1000000000.0,,,Yes
30.0,1.0,,0,0,5094.0,1983,1000000000.0,,,Yes
20.0,0.0,,0,0,,1993,1000000000.0,manufacturing director  -  research & development,,Yes
30.0,1.0,,0,0,2274.0,1978,1000000000.0,,,Yes
20.0,0.0,,0,0,,1996,1000000000.0,,,Yes
30.0,1.0,,0,0,,1986,1000000000.0,,,Yes
30.0,3.0,,0,2,2314.0,1991,1000000000.0,,,Yes
30.0,2.0,,2,2,,1970,1000000000.0,,,Yes
30.0,10.0,,0,9,,1986,1000000000.0,,,No
10.0,1.0,,0,1,,1991,1000000000.0,,,Yes
20.0,1.0,,0,0,2380.0,1965,1000000000.0,,,Yes
40.0,1.0,,0,0,,1980,1000000000.0,,,No
20.0,1.0,,0,0,,2002,1000000000.0,research scientist  -  research & development,,No
30.0,1.0,,1,0,2008.0,1989,1000000000.0,,,Yes
30.0,6.0,,0,4,10552.0,1965,1000000000.0,,,No
20.0,0.0,,0,0,2259.0,1975,1000000000.0,,,No
30.0,3.0,,0,2,,1991,1000000000.0,,,Yes
30.0,1.0,,0,0,2413.0,1998,1000000000.0,,,No
20.0,1.0,,0,0,,1983,1000000000.0,sales executive  -  sales,,Yes
40.0,1.0,,0,0,2121.0,2004,1000000000.0,,,No
30.0,1.0,,0,0,,2003,1000000000.0,laboratory technician  -  research & development,,No
30.0,5.0,,1,4,,1990,1000000000.0,,,Yes
30.0,1.0,,0,0,2479.0,1965,1000000000.0,,,No
20.0,1.0,,0,0,13194.0,1983,1000000000.0,,,Yes
30.0,0.0,,0,0,,1994,1000000000.0,,,Yes
30.0,9.0,,0,7,4163.0,1976,1000000000.0,,,No
30.0,0.0,,0,0,,2005,1000000000.0,,,Yes
30.0,1.0,,0,0,2600.0,2003,1000000000.0,,,No
40.0,1.0,,0,0,18303.0,1981,1000000000.0,,,Yes
30.0,1.0,,0,0,2380.0,1973,1000000000.0,laboratory technician  -  research & development,,Yes
10.0,1.0,,0,0,4777.0,1986,1000000000.0,,,Yes
30.0,1.0,,0,0,,1985,1000000000.0,,,No
20.0,1.0,,0,0,,1987,1000000000.0,,,Yes
30.0,1.0,,0,0,1052.0,1995,1000000000.0,sales representative  -  sales,,Yes
30.0,1.0,,0,0,,1980,1000000000.0,,,Yes
20.0,1.0,,1,0,,2002,1000000000.0,laboratory technician  -  research & development,,Yes
40.0,10.0,,2,7,2461.0,1972,1000000000.0,,,No
30.0,1.0,,0,0,,1986,1000000000.0,sales executive  -  sales,,No
30.0,1.0,,0,0,2596.0,1995,1000000000.0,laboratory technician  -  research & development,,No
30.0,0.0,,0,0,4728.0,1973,1000000000.0,,,Yes
30.0,0.0,,0,0,,1989,1000000000.0,,,Yes
30.0,1.0,,0,0,7351.0,1985,1000000000.0,,,Yes
30.0,1.0,,0,0,,1981,1000000000.0,,,No
30.0,0.0,,0,0,,2005,1000000000.0,,,Yes
,1.0,,0,0,4766.0,1982,1000000000.0,,,No
30.0,8.0,,1,7,2258.0,1988,1000000000.0,laboratory technician  -  research & development,,Yes
30.0,1.0,,0,0,2827.0,1991,1000000000.0,sales representative  -  sales,,Yes
30.0,0.0,,0,0,2853.0,2001,1000000000.0,,,Yes
30.0,0.0,,0,0,2290.0,1979,1000000000.0,,,Yes
10.0,1.0,,0,0,2107.0,1982,1000000000.0,,,Yes
30.0,0.0,,0,0,,1983,1000000000.0,,,No
10.0,1.0,,0,0,2210.0,1999,1000000000.0,,,Yes
30.0,1.0,,0,0,13191.0,1981,1000000000.0,,,No
40.0,1.0,,0,0,,1974,1000000000.0,manager  -  research & development,,Yes
20.0,1.0,,0,0,,1975,1000000000.0,,,Yes
30.0,6.0,,1,0,,1994,1000000000.0,healthcare representative  -  research & development,,Yes
40.0,1.0,,0,0,18265.0,1975,1000000000.0,research director  -  research & development,,Yes
20.0,1.0,,0,0,,1989,1000000000.0,,,Yes
30.0,1.0,,0,1,,2004,1000000000.0,,,Yes
30.0,1.0,0.0,0,1,,2000,1000000000.0,,,No
30.0,1.0,,1,0,1118.0,1998,1000000000.0,,,Yes
30.0,1.0,,0,0,2372.0,1981,1000000000.0,,,No
20.0,7.0,,7,7,2838.0,1972,1000000000.0,,,No
30.0,0.0,,0,0,18061.0,1978,1000000000.0,,,No
30.0,1.0,,0,0,,1996,1000000000.0,,,Yes
40.0,0.0,,0,0,1611.0,2005,1000000000.0,,,No
40.0,1.0,,0,0,,1992,1000000000.0,,,Yes
30.0,1.0,,0,0,,1992,1000000000.0,,,No
40.0,1.0,,0,0,,1992,1000000000.0,,,No
40.0,5.0,,1,4,,1996,1000000000.0,,,No
40.0,1.0,,0,0,,1984,1000000000.0,,,Yes
20.0,1.0,,0,0,4768.0,1979,1000000000.0,,,No
20.0,1.0,,0,0,1274.0,1993,1000000000.0,research scientist  -  research & development,,No
30.0,1.0,0.0,0,0,2404.0,1988,1000000000.0,,,Yes
20.0,0.0,,0,0,,1999,1000000000.0,,,No
,1.0,,0,0,2033.0,1999,1000000000.0,,,Yes
20.0,0.0,,0,0,2561.0,1995,1000000000.0,,,Yes
10.0,1.0,,0,0,1563.0,1995,1000000000.0,,,No
30.0,0.0,,0,0,6388.0,1990,1000000000.0,,,Yes
30.0,2.0,,2,2,8376.0,1984,1000000000.0,,,No
,1.0,,0,0,4841.0,1981,1000000000.0,,,Yes
20.0,1.0,0.0,0,0,,1994,1000000000.0,,,No
30.0,3.0,,1,2,,1988,1000000000.0,,,No
30.0,1.0,,0,0,2074.0,1988,1000000000.0,,,Yes
,1.0,,0,0,2972.0,1989,1000000000.0,,,No
30.0,1.0,,0,0,,1997,1000000000.0,,,Yes
30.0,1.0,,0,0,6815.0,1987,1000000000.0,,,Yes
30.0,1.0,,0,0,,1973,1000000000.0,,,No
30.0,1.0,,0,1,,1981,1000000000.0,,,No
20.0,1.0,,0,1,2690.0,1988,1000000000.0,,,No
10.0,26.0,,0,12,17567.0,1977,1000000000.0,,,No
40.0,0.0,,0,0,1569.0,2005,1000000000.0,sales representative  -  sales,,Yes
20.0,10.0,,0,9,4187.0,1994,1000000000.0,,,Yes
,10.0,,0,2,,1992,1000000000.0,,,Yes
30.0,2.0,,0,2,,1982,1000000000.0,,,Yes
,0.0,,0,0,3306.0,1985,1000000000.0,,,Yes
30.0,1.0,,0,0,1393.0,1991,1000000000.0,,,Yes
40.0,1.0,,0,0,10883.0,1963,1000000000.0,,,No
30.0,1.0,,0,0,,1999,1000000000.0,,,Yes
30.0,1.0,,0,0,,1983,1000000000.0,,,Yes
20.0,10.0,,0,8,2862.0,1993,1000000000.0,,,Yes
10.0,1.0,,0,0,,1976,1000000000.0,,,Yes
30.0,0.0,,0,0,6735.0,1991,1000000000.0,sales executive  -  sales,,No
40.0,5.0,,0,3,9756.0,1978,1000000000.0,,,Yes
30.0,5.0,,1,2,,1989,1000000000.0,,,No
20.0,0.0,,0,0,,1990,1000000000.0,,,Yes
30.0,1.0,,0,0,,1992,1000000000.0,,,Yes
30.0,1.0,,0,0,,1994,1000000000.0,,,Yes
30.0,7.0,,1,7,5294.0,1993,1000000000.0,,,No
30.0,1.0,,1,0,,1985,1000000000.0,,,Yes
30.0,1.0,,0,0,2437.0,1980,1000000000.0,,,No
30.0,1.0,,0,0,,1968,1000000000.0,,,No
30.0,1.0,,1,0,,2002,1000000000.0,,,Yes
30.0,1.0,,0,0,,2001,1000000000.0,,,Yes
20.0,10.0,,4,7,4071.0,1986,1000000000.0,,,Yes
20.0,0.0,,0,0,,1981,1000000000.0,,,No
10.0,0.0,,0,0,,2005,1000000000.0,,,Yes
30.0,1.0,,0,0,2956.0,1992,1000000000.0,,,Yes
30.0,1.0,,0,0,,1987,1000000000.0,,,Yes
40.0,0.0,,0,0,4648.0,1991,1000000000.0,,,Yes
,7.0,,1,6,,1994,1000000000.0,,,No
30.0,0.0,,0,0,,1981,1000000000.0,,,Yes
30.0,1.0,,0,0,2804.0,1994,1000000000.0,,,Yes
20.0,1.0,,1,0,2439.0,1994,1000000000.0,,,No
30.0,1.0,,0,0,2856.0,1995,1000000000.0,sales representative  -  sales,,Yes
20.0,1.0,,0,0,,1993,1000000000.0,,,No
30.0,1.0,,0,0,,2001,1000000000.0,research scientist  -  research & development,,Yes
20.0,1.0,,1,0,2933.0,1997,1000000000.0,,,No
30.0,2.0,0.0,2,2,,1979,1000000000.0,,,Yes
,1.0,,0,0,1091.0,1994,1000000000.0,sales representative  -  sales,,Yes
30.0,2.0,,2,2,,1995,1000000000.0,,,Yes
30.0,0.0,,0,0,,1967,1000000000.0,,,Yes
30.0,10.0,,7,9,5151.0,1984,1000000000.0,,,Yes
20.0,1.0,,0,0,,1965,1000000000.0,,,Yes
30.0,0.0,,0,0,,1981,1000000000.0,sales executive  -  sales,,No
30.0,1.0,,0,0,2863.0,1996,1000000000.0,,,No
20.0,1.0,,0,0,2858.0,1985,1000000000.0,,,Yes
30.0,1.0,,0,0,,1991,1000000000.0,,,Yes
30.0,1.0,,0,0,1129.0,1992,1000000000.0,,,Yes
30.0,2.0,,1,2,,1998,1000000000.0,,,No
20.0,1.0,,0,0,,1983,1000000000.0,laboratory technician  -  research & development,,Yes
20.0,6.0,,1,3,19431.0,1984,1000000000.0,,,No
,1.0,,1,0,,2000,1000000000.0,,,No
,9.0,,1,7,,1988,1000000000.0,,,No
30.0,11.0,,5,7,2308.0,1989,1000000000.0,,,Yes
20.0,5.0,,1,4,2144.0,1995,1000000000.0,,,No
20.0,5.0,,0,2,5373.0,1994,1000000000.0,,,No
20.0,40.0,,15,6,,1965,1000000000.0,,,Yes
20.0,16.0,,5,13,,1985,1000000000.0,,,Yes
30.0,11.0,,4,1,,1994,1000000000.0,,,Yes
30.0,36.0,,4,13,19045.0,1968,1000000000.0,,,Yes
30.0,22.0,,0,4,16015.0,1982,1000000000.0,,,Yes
20.0,18.0,,3,7,9613.0,1984,1000000000.0,healthcare representative  -  research & development,,Yes
30.0,11.0,,2,9,11510.0,1985,1000000000.0,,,Yes
,25.0,,3,9,,1980,1000000000.0,,,Yes
10.0,13.0,,3,12,4306.0,1992,1000000000.0,,,Yes
30.0,27.0,,15,7,17046.0,1973,1000000000.0,manager  -  research & development,,Yes
20.0,2.0,,2,2,,1990,1000000000.0,sales representative  -  sales,,No
30.0,3.0,,1,2,2042.0,1997,1000000000.0,,,Yes
30.0,2.0,,2,2,2821.0,1985,1000000000.0,,,No
30.0,2.0,,2,2,,1977,1000000000.0,,,Yes
40.0,2.0,,2,2,2070.0,2002,1000000000.0,,,Yes
30.0,2.0,,2,2,2791.0,1992,1000000000.0,,,No
30.0,5.0,,0,2,,1988,1000000000.0,,,Yes
,3.0,,0,2,,1989,1000000000.0,,,Yes
30.0,5.0,,0,3,8224.0,1990,1000000000.0,,,Yes
20.0,2.0,,2,2,2610.0,1992,1000000000.0,laboratory technician  -  research & development,,No
30.0,6.0,,1,3,5731.0,1986,1000000000.0,,,No
30.0,4.0,2.0,2,2,2539.0,1996,1000000000.0,,,No
40.0,2.0,,2,2,2376.0,1988,1000000000.0,,,Yes
30.0,5.0,,4,2,,1967,1000000000.0,,,No
,3.0,,0,2,,1978,1000000000.0,research scientist  -  research & development,,Yes
30.0,9.0,,1,8,3539.0,1980,1000000000.0,,,Yes
30.0,12.0,,5,7,5468.0,1992,1000000000.0,,,Yes
30.0,10.0,,7,7,5813.0,1988,1000000000.0,,,Yes
30.0,7.0,,1,7,,1988,1000000000.0,manufacturing director  -  research & development,,No
30.0,7.0,,0,2,9667.0,1993,1000000000.0,,,No
40.0,9.0,7.0,3,7,,1977,1000000000.0,,,No
40.0,8.0,,5,7,5154.0,1978,1000000000.0,,,Yes
30.0,7.0,,7,7,5675.0,1980,1000000000.0,,,No
30.0,8.0,,0,7,7314.0,1977,1000000000.0,,,No
,19.0,,11,16,,1983,1000000000.0,manager  -  research & development,,Yes
20.0,8.0,,0,7,,1996,1000000000.0,sales executive  -  sales,,Yes
40.0,13.0,,5,7,,1981,1000000000.0,,,No
30.0,7.0,,7,7,,1997,1000000000.0,,,Yes
30.0,7.0,,0,7,,1995,1000000000.0,,,Yes
30.0,5.0,,0,3,,1992,1000000000.0,research scientist  -  research & development,,Yes
30.0,2.0,,1,0,6410.0,1992,1000000000.0,,,Yes
10.0,2.0,,2,2,,1992,1000000000.0,research scientist  -  research & development,,Yes
20.0,8.0,,7,7,4941.0,1971,1000000000.0,,,No
20.0,3.0,,2,2,,1995,1000000000.0,,,Yes
30.0,3.0,,1,1,,1976,1000000000.0,,,Yes
,3.0,,2,2,3983.0,1994,1000000000.0,,,No
20.0,6.0,,0,4,6347.0,1986,1000000000.0,,,No
20.0,4.0,,0,2,2904.0,2000,1000000000.0,,,No
30.0,3.0,,1,0,2696.0,1981,1000000000.0,human resources  -  human resources,,Yes
40.0,2.0,,2,2,,1993,1000000000.0,sales executive  -  sales,,Yes
30.0,3.0,,1,2,2174.0,2002,1000000000.0,,,No
30.0,3.0,,1,2,6755.0,1966,1000000000.0,,,No
20.0,3.0,2.0,2,2,,2002,1000000000.0,,,Yes
30.0,2.0,,2,2,2657.0,1992,1000000000.0,,,No
30.0,3.0,,1,2,,1994,1000000000.0,research scientist  -  research & development,,Yes
30.0,5.0,,0,4,,1996,1000000000.0,,,Yes
30.0,5.0,,0,0,10965.0,1974,1000000000.0,,,No
30.0,2.0,,2,2,2543.0,1987,1000000000.0,,,Yes
20.0,5.0,,0,4,5304.0,1989,1000000000.0,,,Yes
40.0,5.0,,0,3,,1999,1000000000.0,,,Yes
30.0,5.0,,1,2,,1981,1000000000.0,,,Yes
20.0,4.0,,1,2,19406.0,1969,1000000000.0,,,Yes
30.0,3.0,,1,2,6538.0,1989,1000000000.0,,,Yes
30.0,3.0,,1,2,2258.0,1980,1000000000.0,,,Yes
30.0,5.0,,0,2,,1980,1000000000.0,,,Yes
,4.0,,3,2,2218.0,1992,1000000000.0,,,Yes
,2.0,,0,2,,1998,1000000000.0,,,Yes
20.0,2.0,,0,2,2654.0,1978,1000000000.0,,,Yes
30.0,20.0,,4,10,,1978,1000000000.0,,,Yes
20.0,10.0,,9,9,,1976,1000000000.0,,,No
20.0,7.0,,6,2,,1988,1000000000.0,,,Yes
,10.0,,0,9,,1994,1000000000.0,,,Yes
30.0,10.0,,0,8,,1968,1000000000.0,laboratory technician  -  research & development,,Yes
,8.0,,7,4,5828.0,1997,1000000000.0,,,Yes
20.0,8.0,,7,7,,1992,1000000000.0,,,No
30.0,8.0,,1,7,2455.0,1980,1000000000.0,,,No
30.0,7.0,,1,7,,1992,1000000000.0,,,Yes
20.0,7.0,,0,7,5055.0,1991,1000000000.0,,,No
20.0,7.0,,0,1,4682.0,1990,1000000000.0,,,Yes
40.0,9.0,,0,0,5257.0,1980,1000000000.0,laboratory technician  -  research & development,,No
20.0,7.0,,0,7,2119.0,1994,1000000000.0,,,Yes
30.0,8.0,,0,7,,1996,1000000000.0,sales executive  -  sales,,Yes
30.0,7.0,,1,7,,1994,1000000000.0,,,Yes
30.0,7.0,,6,7,5974.0,1986,1000000000.0,,,Yes
30.0,8.0,,7,7,,1997,1000000000.0,,,No
30.0,7.0,,1,7,,1983,1000000000.0,,,Yes
30.0,8.0,,7,7,,1982,1000000000.0,,,Yes
20.0,7.0,,0,7,,1972,1000000000.0,,,No
20.0,18.0,,12,17,3034.0,1986,1000000000.0,,,No
20.0,7.0,,7,7,13212.0,1967,1000000000.0,,,Yes
30.0,10.0,,0,7,8392.0,1982,1000000000.0,sales executive  -  sales,,Yes
20.0,10.0,,0,8,,1977,1000000000.0,,,No
20.0,11.0,,6,7,,1993,1000000000.0,,,Yes
30.0,8.0,,0,0,,1988,1000000000.0,,,Yes
30.0,9.0,,6,7,4051.0,1975,1000000000.0,,,Yes
40.0,8.0,,3,7,4805.0,1978,1000000000.0,,,No
,7.0,,1,0,2741.0,1997,1000000000.0,,,Yes
30.0,8.0,,0,7,,1982,1000000000.0,,,Yes
30.0,10.0,,5,7,5337.0,1989,1000000000.0,,,No
40.0,7.0,,5,7,,1992,1000000000.0,,,Yes
30.0,8.0,,4,7,,1980,1000000000.0,,,Yes
40.0,14.0,,8,10,,1970,1000000000.0,sales executive  -  sales,,No
30.0,10.0,,7,8,9434.0,1986,1000000000.0,,,Yes
40.0,9.0,,7,1,,1969,1000000000.0,,,No
30.0,7.0,,0,5,,1985,1000000000.0,sales executive  -  sales,,Yes
30.0,10.0,,2,8,,1994,1000000000.0,research scientist  -  research & development,,Yes
40.0,8.0,,7,7,,1989,1000000000.0,,,Yes
30.0,20.0,7.0,11,10,,1984,1000000000.0,,,No
20.0,10.0,,0,8,5396.0,1991,1000000000.0,,,Yes
,9.0,,1,8,,1985,1000000000.0,,,No
30.0,9.0,,0,7,,1996,1000000000.0,,,No
30.0,7.0,,7,7,11159.0,1991,1000000000.0,,,No
30.0,7.0,,1,7,4960.0,1976,1000000000.0,,,No
20.0,9.0,,1,7,8793.0,1996,1000000000.0,,,Yes
30.0,22.0,,2,10,19189.0,1982,1000000000.0,,,No
30.0,7.0,,3,7,2216.0,1995,1000000000.0,research scientist  -  research & development,,Yes
30.0,8.0,,0,5,11713.0,1987,1000000000.0,research director  -  research & development,,No
20.0,8.0,,7,7,5304.0,1993,1000000000.0,,,No
20.0,10.0,,1,1,11103.0,1967,1000000000.0,,,Yes
30.0,8.0,,3,1,6632.0,1978,1000000000.0,,,Yes
30.0,10.0,,0,9,7587.0,1987,1000000000.0,,,Yes
20.0,8.0,,1,1,4335.0,1994,1000000000.0,,,Yes
30.0,15.0,,4,12,5980.0,1985,1000000000.0,,,No
30.0,8.0,,3,7,4244.0,1983,1000000000.0,,,Yes
20.0,24.0,,14,9,,1981,1000000000.0,,,Yes
30.0,9.0,,0,5,5228.0,1987,1000000000.0,,,Yes
30.0,10.0,,0,7,2700.0,1994,1000000000.0,,,No
20.0,9.0,,7,3,,1968,1000000000.0,,,Yes
30.0,8.0,,7,5,,1995,1000000000.0,sales executive  -  sales,,No
30.0,8.0,,1,7,2366.0,1997,1000000000.0,,,Yes
30.0,8.0,,7,1,,1979,1000000000.0,,,No
20.0,7.0,,1,0,,1982,1000000000.0,laboratory technician  -  research & development,,Yes
40.0,7.0,,5,2,2329.0,1992,1000000000.0,,,Yes
30.0,7.0,,0,7,4294.0,1997,1000000000.0,sales executive  -  sales,,Yes
10.0,9.0,,8,5,,1992,1000000000.0,,,Yes
40.0,8.0,,6,3,6725.0,1991,1000000000.0,,,Yes
30.0,16.0,,3,7,10325.0,1987,1000000000.0,,,No
20.0,9.0,,0,8,4447.0,1978,1000000000.0,,,Yes
30.0,8.0,,0,7,,1984,1000000000.0,,,Yes
30.0,7.0,,0,7,,1987,1000000000.0,,,Yes
30.0,8.0,,0,7,10845.0,1977,1000000000.0,,,No
